자치구,행정동,기준_법정동,표본수_추정,전세_㎡당보증금_중위만원_가중,유효투표수,정원오_양자%,오세훈_양자%,우세후보,평당_만원
강남구,개포1동,개포동,519.0,1145.0,13962,28.1,71.9,오세훈,3786.0
강남구,개포2동,개포동+일원동,472.0,1138.0,18018,27.9,72.1,오세훈,3761.0
강남구,개포3동,일원동+대치동,334.0,1094.0,8565,35.4,64.6,오세훈,3615.0
강남구,개포4동,개포동,470.0,1145.0,11276,38.3,61.7,오세훈,3786.0
강남구,논현1동,논현동,188.0,1035.0,7786,37.7,62.3,오세훈,3423.0
강남구,논현2동,논현동,217.0,1035.0,8261,30.5,69.5,오세훈,3423.0
강남구,대치1동,대치동,395.0,1076.0,11111,19.1,80.9,오세훈,3555.0
강남구,대치2동,대치동,992.0,1076.0,17806,23.4,76.6,오세훈,3555.0
강남구,대치4동,대치동,348.0,1076.0,7661,39.8,60.2,오세훈,3555.0
강남구,도곡1동,도곡동,555.0,1177.0,10485,31.5,68.5,오세훈,3891.0
강남구,도곡2동,도곡동,559.0,1177.0,14779,19.5,80.5,오세훈,3891.0
강남구,삼성1동,삼성동,430.0,1210.0,6220,24.8,75.2,오세훈,4000.0
강남구,삼성2동,삼성동,285.0,1210.0,13974,29.9,70.1,오세훈,4000.0
강남구,세곡동,자곡동+세곡동,1155.0,659.0,22044,45.5,54.5,오세훈,2179.0
강남구,수서동,수서동,441.0,977.0,7945,39.4,60.6,오세훈,3229.0
강남구,신사동,압구정동+신사동,333.0,905.0,7568,21.6,78.4,오세훈,2990.0
강남구,압구정동,압구정동+신사동,487.0,904.0,12688,14.0,86.0,오세훈,2988.0
강남구,역삼1동,역삼동,661.0,1367.0,12714,39.2,60.8,오세훈,4520.0
강남구,역삼2동,역삼동,315.0,1367.0,15904,32.9,67.1,오세훈,4520.0
강남구,일원1동,일원동+수서동,254.0,1057.0,6828,41.4,58.6,오세훈,3493.0
강남구,일원본동,일원동+수서동,648.0,1039.0,11488,35.0,65.0,오세훈,3435.0
강남구,청담동,청담동,592.0,1187.0,11999,23.0,77.0,오세훈,3924.0
강동구,강일동,강일동,858.0,525.0,17541,54.4,45.6,정원오,1734.0
강동구,고덕제1동,고덕동,572.0,1048.0,11577,46.1,53.9,오세훈,3464.0
강동구,고덕제2동,고덕동+강일동,950.0,982.0,12458,42.0,58.0,오세훈,3247.0
강동구,길동,길동,479.0,680.0,22690,47.7,52.3,오세훈,2249.0
강동구,둔촌제1동,둔촌동,165.0,801.0,18429,35.1,64.9,오세훈,2647.0
강동구,둔촌제2동,둔촌동,285.0,801.0,13098,45.7,54.3,오세훈,2647.0
강동구,명일제1동,명일동,436.0,670.0,12901,41.1,58.9,오세훈,2214.0
강동구,명일제2동,명일동,630.0,670.0,8891,39.7,60.3,오세훈,2214.0
강동구,상일제1동,상일동,877.0,976.0,19335,43.9,56.1,오세훈,3226.0
강동구,상일제2동,상일동+강일동,502.0,877.0,6469,56.1,43.9,정원오,2898.0
강동구,성내제1동,성내동,171.0,784.0,9820,48.4,51.6,오세훈,2591.0
강동구,성내제2동,성내동,162.0,784.0,11994,49.1,50.9,오세훈,2591.0
강동구,성내제3동,성내동,168.0,784.0,11230,50.7,49.3,정원오,2591.0
강동구,암사제1동,암사동,153.0,803.0,15007,50.0,50.0,오세훈,2654.0
강동구,암사제2동,암사동,451.0,803.0,8854,47.3,52.7,오세훈,2654.0
강동구,암사제3동,암사동,373.0,803.0,9646,44.7,55.3,오세훈,2654.0
강동구,천호제1동,천호동,143.0,766.0,11675,49.9,50.1,오세훈,2532.0
강동구,천호제2동,천호동,374.0,766.0,17120,48.3,51.7,오세훈,2532.0
강동구,천호제3동,천호동,109.0,766.0,12716,46.4,53.6,오세훈,2532.0
강북구,미아동,미아동,172.0,613.0,10336,56.1,43.9,정원오,2028.0
강북구,번1동,번동,69.0,471.0,7839,54.7,45.3,정원오,1557.0
강북구,번2동,번동,112.0,471.0,6961,53.6,46.4,정원오,1557.0
강북구,번3동,번동,122.0,471.0,7929,52.4,47.6,정원오,1557.0
강북구,삼각산동,미아동,123.0,613.0,15024,54.8,45.2,정원오,2028.0
강북구,삼양동,미아동,193.0,613.0,11358,54.9,45.1,정원오,2028.0
강북구,송중동,미아동,219.0,613.0,12236,51.7,48.3,정원오,2028.0
강북구,송천동,미아동,195.0,613.0,11229,54.1,45.9,정원오,2028.0
강북구,수유1동,수유동,37.0,518.0,8935,56.7,43.3,정원오,1712.0
강북구,수유2동,수유동,13.0,518.0,9954,51.9,48.1,정원오,1712.0
강북구,수유3동,수유동,16.0,518.0,9303,51.8,48.2,정원오,1712.0
강북구,우이동,수유동+우이동,61.0,496.0,9331,54.6,45.4,정원오,1639.0
강북구,인수동,수유동,63.0,518.0,12583,54.5,45.5,정원오,1712.0
강서구,가양제1동,마곡동+가양동,2010.0,738.0,15094,46.1,53.9,오세훈,2440.0
강서구,가양제2동,가양동,242.0,667.0,7841,48.8,51.2,오세훈,2204.0
강서구,가양제3동,가양동,203.0,667.0,7911,49.0,51.0,오세훈,2204.0
강서구,공항동,공항동,19.0,517.0,12943,53.1,46.9,정원오,1709.0
강서구,등촌제1동,등촌동,272.0,677.0,12184,50.5,49.5,정원오,2239.0
강서구,등촌제2동,등촌동,364.0,677.0,9643,48.1,51.9,오세훈,2239.0
강서구,등촌제3동,등촌동,427.0,677.0,15418,49.3,50.7,오세훈,2239.0
강서구,발산제1동,내발산동,545.0,684.0,17406,57.5,42.5,정원오,2262.0
강서구,방화제1동,방화동+마곡동,323.0,647.0,20129,50.9,49.1,정원오,2137.0
강서구,방화제2동,방화동,257.0,578.0,11330,49.6,50.4,오세훈,1911.0
강서구,방화제3동,방화동,489.0,578.0,11487,49.5,50.5,오세훈,1911.0
강서구,염창동,염창동,829.0,706.0,20842,51.3,48.7,정원오,2335.0
강서구,우장산동,내발산동+화곡동,382.0,690.0,19571,48.3,51.7,오세훈,2283.0
강서구,화곡본동,화곡동,166.0,704.0,13067,56.3,43.7,정원오,2328.0
강서구,화곡제1동,화곡동,201.0,704.0,20060,53.7,46.3,정원오,2328.0
강서구,화곡제2동,화곡동,77.0,704.0,7323,56.7,43.3,정원오,2328.0
강서구,화곡제3동,화곡동,87.0,704.0,10686,47.6,52.4,오세훈,2328.0
강서구,화곡제4동,화곡동,144.0,704.0,8878,56.3,43.7,정원오,2328.0
강서구,화곡제6동,화곡동,174.0,704.0,12544,51.3,48.7,정원오,2328.0
강서구,화곡제8동,화곡동,97.0,704.0,11500,59.1,40.9,정원오,2328.0
관악구,낙성대동,봉천동,572.0,706.0,8230,49.3,50.7,오세훈,2334.0
관악구,난곡동,신림동,50.0,549.0,11062,56.2,43.8,정원오,1816.0
관악구,난향동,신림동,38.0,549.0,7327,55.8,44.2,정원오,1816.0
관악구,남현동,봉천동+남현동,167.0,704.0,8827,49.4,50.6,오세훈,2327.0
관악구,대학동,신림동,416.0,549.0,11168,50.7,49.3,정원오,1816.0
관악구,미성동,신림동,66.0,549.0,13735,51.3,48.7,정원오,1816.0
관악구,보라매동,봉천동,191.0,706.0,10935,53.1,46.9,정원오,2334.0
관악구,삼성동,신림동,128.0,549.0,10737,54.3,45.7,정원오,1816.0
관악구,서림동,신림동,37.0,549.0,9542,48.3,51.7,오세훈,1816.0
관악구,서원동,신림동,31.0,549.0,9652,50.7,49.3,정원오,1816.0
관악구,성현동,봉천동,173.0,706.0,15058,52.4,47.6,정원오,2334.0
관악구,신림동,신림동,25.0,549.0,9190,50.4,49.6,정원오,1816.0
관악구,신사동,신림동,30.0,549.0,10321,53.3,46.7,정원오,1816.0
관악구,신원동,신림동,29.0,549.0,8088,52.0,48.0,정원오,1816.0
관악구,은천동,봉천동,188.0,706.0,15606,54.6,45.4,정원오,2334.0
관악구,인헌동,봉천동,178.0,706.0,13754,54.3,45.7,정원오,2334.0
관악구,조원동,신림동,32.0,549.0,9416,52.0,48.0,정원오,1816.0
관악구,중앙동,봉천동,97.0,706.0,7419,53.8,46.2,정원오,2334.0
관악구,청룡동,봉천동,306.0,706.0,16743,50.4,49.6,정원오,2334.0
관악구,청림동,봉천동,77.0,706.0,7940,52.0,48.0,정원오,2334.0
관악구,행운동,봉천동,183.0,706.0,13630,51.4,48.6,정원오,2334.0
광진구,광장동,광장동,687.0,889.0,16461,43.3,56.7,오세훈,2937.0
광진구,구의제1동,구의동,124.0,927.0,11644,50.6,49.4,정원오,3064.0
광진구,구의제2동,구의동,292.0,927.0,12446,52.1,47.9,정원오,3064.0
광진구,구의제3동,구의동,230.0,927.0,15323,44.0,56.0,오세훈,3064.0
광진구,군자동,군자동,23.0,609.0,8787,51.2,48.8,정원오,2013.0
광진구,능동,능동,4.0,754.0,5670,51.6,48.4,정원오,2493.0
광진구,자양제1동,자양동,147.0,868.0,11412,51.3,48.7,정원오,2869.0
광진구,자양제2동,자양동,411.0,868.0,12373,45.4,54.6,오세훈,2869.0
광진구,자양제3동,자양동,297.0,868.0,14507,42.5,57.5,오세훈,2869.0
광진구,자양제4동,자양동,301.0,868.0,10649,45.9,54.1,오세훈,2869.0
광진구,중곡제1동,중곡동,7.0,544.0,7463,52.8,47.2,정원오,1798.0
광진구,중곡제2동,중곡동,6.0,544.0,9943,53.4,46.6,정원오,1798.0
광진구,중곡제3동,중곡동,7.0,544.0,7688,52.4,47.6,정원오,1798.0
광진구,중곡제4동,중곡동,25.0,544.0,14193,52.9,47.1,정원오,1798.0
광진구,화양동,화양동,56.0,842.0,9948,46.2,53.8,오세훈,2783.0
구로구,가리봉동,가리봉동,5.0,589.0,3567,52.9,47.1,정원오,1946.0
구로구,개봉제1동,개봉동,233.0,577.0,16354,51.1,48.9,정원오,1906.0
구로구,개봉제2동,개봉동,163.0,577.0,16257,50.9,49.1,정원오,1906.0
구로구,개봉제3동,개봉동,166.0,577.0,9117,52.8,47.2,정원오,1906.0
구로구,고척제1동,고척동,260.0,527.0,13950,51.7,48.3,정원오,1743.0
구로구,고척제2동,고척동,230.0,527.0,12287,52.0,48.0,정원오,1743.0
구로구,구로제1동,구로동,311.0,548.0,10725,52.5,47.5,정원오,1813.0
구로구,구로제2동,구로동,500.0,548.0,9619,53.2,46.8,정원오,1813.0
구로구,구로제3동,구로동,311.0,548.0,11114,57.5,42.5,정원오,1813.0
구로구,구로제4동,구로동,157.0,548.0,8105,54.1,45.9,정원오,1813.0
구로구,구로제5동,구로동,297.0,548.0,14257,51.7,48.3,정원오,1813.0
구로구,수궁동,온수동+궁동,91.0,530.0,11383,46.4,53.6,오세훈,1751.0
구로구,신도림동,신도림동,594.0,785.0,19004,47.8,52.2,오세훈,2596.0
구로구,오류제1동,오류동,76.0,518.0,11695,50.8,49.2,정원오,1712.0
구로구,오류제2동,천왕동+오류동,991.0,299.0,17399,52.8,47.2,정원오,987.0
구로구,항동,항동,197.0,589.0,8184,59.1,40.9,정원오,1946.0
금천구,가산동,가산동,97.0,668.0,11486,54.0,46.0,정원오,2210.0
금천구,독산제1동,독산동,334.0,602.0,21468,51.2,48.8,정원오,1989.0
금천구,독산제2동,독산동,105.0,602.0,7444,54.3,45.7,정원오,1989.0
금천구,독산제3동,독산동,160.0,602.0,10817,55.1,44.9,정원오,1989.0
금천구,독산제4동,독산동,108.0,602.0,6921,56.5,43.5,정원오,1989.0
금천구,시흥제1동,시흥동,149.0,467.0,14273,52.0,48.0,정원오,1544.0
금천구,시흥제2동,시흥동,120.0,467.0,10402,53.8,46.2,정원오,1544.0
금천구,시흥제3동,시흥동,137.0,467.0,5428,53.4,46.6,정원오,1544.0
금천구,시흥제4동,시흥동,80.0,467.0,9028,53.7,46.3,정원오,1544.0
금천구,시흥제5동,시흥동,148.0,467.0,8582,53.4,46.6,정원오,1544.0
노원구,공릉1동,공릉동,134.0,579.0,18115,53.5,46.5,정원오,1915.0
노원구,공릉2동,공릉동,788.0,579.0,20255,51.7,48.3,정원오,1915.0
노원구,상계10동,상계동,257.0,461.0,9485,48.6,51.4,오세훈,1522.0
노원구,상계1동,상계동,1560.0,461.0,18059,52.6,47.4,정원오,1522.0
노원구,상계2동,상계동,186.0,461.0,9466,50.7,49.3,정원오,1522.0
노원구,상계3·4동,상계동,1784.0,461.0,12509,51.4,48.6,정원오,1522.0
노원구,상계5동,상계동,156.0,461.0,11108,52.0,48.0,정원오,1522.0
노원구,상계6·7동,상계동,447.0,461.0,15395,49.3,50.7,오세훈,1522.0
노원구,상계8동,상계동,209.0,461.0,10880,52.7,47.3,정원오,1522.0
노원구,상계9동,상계동,266.0,461.0,10191,50.3,49.7,정원오,1522.0
노원구,월계1동,월계동,417.0,489.0,10806,50.5,49.5,정원오,1615.0
노원구,월계2동,월계동,702.0,489.0,12233,51.6,48.4,정원오,1615.0
노원구,월계3동,월계동,402.0,489.0,14070,47.4,52.6,오세훈,1615.0
노원구,중계1동,중계동,261.0,561.0,11756,54.3,45.7,정원오,1854.0
노원구,중계2·3동,중계동,385.0,561.0,16571,53.6,46.4,정원오,1854.0
노원구,중계4동,중계동,601.0,561.0,9418,53.9,46.1,정원오,1854.0
노원구,중계본동,중계동,869.0,561.0,10165,53.5,46.5,정원오,1854.0
노원구,하계1동,하계동,691.0,545.0,12285,50.2,49.8,정원오,1803.0
노원구,하계2동,하계동,235.0,545.0,10724,53.2,46.8,정원오,1803.0
도봉구,도봉1동,도봉동,342.0,424.0,10608,52.0,48.0,정원오,1401.0
도봉구,도봉2동,도봉동,46.0,424.0,12913,50.4,49.6,정원오,1401.0
도봉구,방학1동,방학동,208.0,470.0,12590,50.1,49.9,정원오,1552.0
도봉구,방학2동,방학동,220.0,470.0,8415,54.5,45.5,정원오,1552.0
도봉구,방학3동,방학동,368.0,470.0,13645,52.9,47.1,정원오,1552.0
도봉구,쌍문1동,쌍문동,216.0,447.0,9495,53.4,46.6,정원오,1477.0
도봉구,쌍문2동,쌍문동,99.0,447.0,8592,53.6,46.4,정원오,1477.0
도봉구,쌍문3동,쌍문동,93.0,447.0,7958,54.1,45.9,정원오,1477.0
도봉구,쌍문4동,쌍문동,107.0,447.0,8934,50.4,49.6,정원오,1477.0
도봉구,창1동,창동,456.0,491.0,11432,50.7,49.3,정원오,1622.0
도봉구,창2동,창동,285.0,491.0,13578,54.1,45.9,정원오,1622.0
도봉구,창3동,창동,263.0,491.0,5861,54.8,45.2,정원오,1622.0
도봉구,창4동,창동,460.0,491.0,14323,48.8,51.2,오세훈,1622.0
도봉구,창5동,창동,290.0,491.0,12588,47.8,52.2,오세훈,1622.0
동대문구,답십리제1동,답십리동,436.0,779.0,13846,50.6,49.4,정원오,2575.0
동대문구,답십리제2동,답십리동,463.0,779.0,14135,51.2,48.8,정원오,2575.0
동대문구,신설동,용두동+신설동,259.0,920.0,7071,48.9,51.1,오세훈,3042.0
동대문구,용두동,용두동,355.0,900.0,11544,50.0,50.0,오세훈,2977.0
동대문구,이문제1동,이문동,315.0,671.0,14762,43.9,56.1,오세훈,2217.0
동대문구,이문제2동,이문동,244.0,671.0,9938,51.9,48.1,정원오,2217.0
동대문구,장안제1동,장안동,298.0,681.0,18930,54.0,46.0,정원오,2251.0
동대문구,장안제2동,장안동,221.0,681.0,15876,52.8,47.2,정원오,2251.0
동대문구,전농제1동,전농동,464.0,789.0,15667,48.5,51.5,오세훈,2608.0
동대문구,전농제2동,전농동+휘경동,408.0,784.0,9582,51.5,48.5,정원오,2592.0
동대문구,제기동,제기동,132.0,637.0,10998,47.9,52.1,오세훈,2106.0
동대문구,청량리동,청량리동,187.0,440.0,9284,45.2,54.8,오세훈,1454.0
동대문구,회기동,회기동+청량리동,93.0,591.0,5512,48.6,51.4,오세훈,1953.0
동대문구,휘경제1동,휘경동,171.0,710.0,8075,46.4,53.6,오세훈,2348.0
동대문구,휘경제2동,휘경동,376.0,710.0,10902,48.2,51.8,오세훈,2348.0
동작구,노량진제1동,본동+노량진동,536.0,747.0,15459,41.1,58.9,오세훈,2470.0
동작구,노량진제2동,노량진동,175.0,739.0,4304,49.6,50.4,오세훈,2443.0
동작구,대방동,대방동,387.0,813.0,15575,48.2,51.8,오세훈,2688.0
동작구,사당제1동,사당동,281.0,817.0,10342,48.7,51.3,오세훈,2700.0
동작구,사당제2동,사당동+동작동,411.0,880.0,15090,43.7,56.3,오세훈,2910.0
동작구,사당제3동,사당동,397.0,817.0,11566,43.2,56.8,오세훈,2700.0
동작구,사당제4동,사당동,191.0,817.0,7187,51.7,48.3,정원오,2700.0
동작구,사당제5동,사당동,293.0,817.0,7480,49.1,50.9,오세훈,2700.0
동작구,상도제1동,상도동+상도1동,426.0,901.0,22402,45.1,54.9,오세훈,2978.0
동작구,상도제2동,상도동,284.0,904.0,13285,45.6,54.4,오세훈,2989.0
동작구,상도제3동,상도동,237.0,904.0,12677,53.2,46.8,정원오,2989.0
동작구,상도제4동,상도동,361.0,904.0,13175,50.1,49.9,정원오,2989.0
동작구,신대방제1동,신대방동,254.0,733.0,11437,48.5,51.5,오세훈,2424.0
동작구,신대방제2동,신대방동,380.0,733.0,10714,48.4,51.6,오세훈,2424.0
동작구,흑석동,흑석동,766.0,941.0,15220,39.9,60.1,오세훈,3112.0
마포구,공덕동,아현동+신공덕동,933.0,1074.0,16618,46.3,53.7,오세훈,3550.0
마포구,대흥동,대흥동+신수동,393.0,1092.0,6616,45.8,54.2,오세훈,3611.0
마포구,도화동,도화동+마포동,434.0,736.0,11306,43.6,56.4,오세훈,2432.0
마포구,망원1동,망원동+합정동,133.0,753.0,9502,53.6,46.4,정원오,2488.0
마포구,망원2동,망원동+성산동,90.0,725.0,9131,56.3,43.7,정원오,2396.0
마포구,상암동,상암동,626.0,743.0,14529,57.2,42.8,정원오,2457.0
마포구,서강동,창전동+상수동,349.0,942.0,12243,47.2,52.8,오세훈,3114.0
마포구,서교동,서교동,82.0,1077.0,9910,49.4,50.6,오세훈,3561.0
마포구,성산1동,성산동,248.0,600.0,8322,56.2,43.8,정원오,1982.0
마포구,성산2동,성산동+중동,580.0,611.0,18784,51.7,48.3,정원오,2019.0
마포구,신수동,신수동+현석동,465.0,1003.0,10892,46.0,54.0,오세훈,3315.0
마포구,아현동,아현동+공덕동,640.0,1150.0,13811,42.1,57.9,오세훈,3801.0
마포구,연남동,연남동,32.0,765.0,7203,52.4,47.6,정원오,2530.0
마포구,염리동,염리동+대흥동,381.0,1231.0,8322,47.2,52.8,오세훈,4071.0
마포구,용강동,용강동+도화동,435.0,1030.0,11124,45.1,54.9,오세훈,3404.0
마포구,합정동,합정동,41.0,802.0,8058,52.3,47.7,정원오,2651.0
서대문구,남가좌제1동,남가좌동,300.0,871.0,10445,53.2,46.8,정원오,2879.0
서대문구,남가좌제2동,남가좌동,550.0,871.0,12912,50.1,49.9,정원오,2879.0
서대문구,북가좌제1동,북가좌동,157.0,711.0,9971,52.8,47.2,정원오,2351.0
서대문구,북가좌제2동,북가좌동,241.0,711.0,14329,54.6,45.4,정원오,2351.0
서대문구,북아현동,북아현동,225.0,1009.0,8353,48.6,51.4,오세훈,3337.0
서대문구,신촌동,대현동+창천동,133.0,734.0,8201,43.7,56.3,오세훈,2426.0
서대문구,연희동,연희동,117.0,654.0,15248,47.4,52.6,오세훈,2164.0
서대문구,천연동,현저동+천연동,299.0,826.0,9125,49.9,50.1,오세훈,2732.0
서대문구,충현동,북아현동+충정로3가,377.0,936.0,8779,47.3,52.7,오세훈,3094.0
서대문구,홍은제1동,홍은동,197.0,593.0,12559,54.1,45.9,정원오,1960.0
서대문구,홍은제2동,홍은동,271.0,593.0,12060,51.9,48.1,정원오,1960.0
서대문구,홍제제1동,홍제동+현저동,394.0,672.0,12002,49.5,50.5,오세훈,2221.0
서대문구,홍제제2동,홍제동,204.0,666.0,7384,50.0,50.0,정원오,2202.0
서대문구,홍제제3동,홍제동,306.0,666.0,8883,52.4,47.6,정원오,2202.0
서초구,내곡동,내곡동+신원동,607.0,771.0,8768,40.3,59.7,오세훈,2550.0
서초구,반포1동,반포동,373.0,1796.0,14893,28.5,71.5,오세훈,5936.0
서초구,반포2동,반포동,455.0,1796.0,13598,20.9,79.1,오세훈,5936.0
서초구,반포3동,잠원동+반포동,874.0,1361.0,12226,24.0,76.0,오세훈,4500.0
서초구,반포4동,반포동,533.0,1796.0,8539,27.6,72.4,오세훈,5936.0
서초구,반포본동,반포동,393.0,1796.0,141,36.2,63.8,오세훈,5936.0
서초구,방배1동,방배동,107.0,1020.0,8525,35.9,64.1,오세훈,3372.0
서초구,방배2동,방배동,291.0,1020.0,9519,40.2,59.8,오세훈,3372.0
서초구,방배3동,방배동,369.0,1020.0,8133,30.9,69.1,오세훈,3372.0
서초구,방배4동,방배동,144.0,1020.0,12994,36.6,63.4,오세훈,3372.0
서초구,방배본동,방배동,101.0,1020.0,10415,32.4,67.6,오세훈,3372.0
서초구,서초1동,서초동,418.0,1118.0,9952,33.7,66.3,오세훈,3697.0
서초구,서초2동,서초동,378.0,1118.0,12111,29.5,70.5,오세훈,3697.0
서초구,서초3동,서초동,881.0,1118.0,15703,33.9,66.1,오세훈,3697.0
서초구,서초4동,서초동,261.0,1118.0,14351,22.5,77.5,오세훈,3697.0
서초구,양재1동,우면동+양재동,905.0,752.0,19908,41.4,58.6,오세훈,2486.0
서초구,양재2동,양재동,212.0,694.0,10826,47.6,52.4,오세훈,2295.0
서초구,잠원동,잠원동,1166.0,1335.0,17448,25.1,74.9,오세훈,4414.0
성동구,금호1가동,금호동1가,336.0,1034.0,7173,51.7,48.3,정원오,3419.0
성동구,금호2·3가동,금호동2가+금호동3가,632.0,986.0,10646,51.4,48.6,정원오,3259.0
성동구,금호4가동,금호동4가,354.0,1026.0,7710,49.9,50.1,오세훈,3392.0
성동구,마장동,마장동,285.0,706.0,11443,55.3,44.7,정원오,2334.0
성동구,사근동,행당동+사근동,322.0,887.0,5431,49.1,50.9,오세훈,2931.0
성동구,성수1가제1동,성수동1가,519.0,1001.0,7268,43.2,56.8,오세훈,3308.0
성동구,성수1가제2동,성수동1가,250.0,1001.0,8496,49.0,51.0,오세훈,3308.0
성동구,성수2가제1동,성수동2가,169.0,765.0,7090,47.4,52.6,오세훈,2529.0
성동구,성수2가제3동,성수동2가,158.0,765.0,5283,48.2,51.8,오세훈,2529.0
성동구,송정동,송정동,19.0,669.0,4532,56.3,43.7,정원오,2210.0
성동구,옥수동,옥수동,891.0,1002.0,13317,41.3,58.7,오세훈,3311.0
성동구,왕십리도선동,하왕십리동+상왕십리동,483.0,1040.0,12958,50.8,49.2,정원오,3439.0
성동구,왕십리제2동,하왕십리동,436.0,1059.0,8816,57.8,42.2,정원오,3501.0
성동구,용답동,용답동+송정동,104.0,913.0,6411,56.3,43.7,정원오,3019.0
성동구,응봉동,응봉동,369.0,709.0,7460,53.0,47.0,정원오,2343.0
성동구,행당제1동,행당동,378.0,904.0,8385,49.8,50.2,오세훈,2989.0
성동구,행당제2동,행당동,310.0,904.0,12044,52.5,47.5,정원오,2989.0
성북구,길음제1동,길음동+정릉동,949.0,764.0,17101,52.6,47.4,정원오,2525.0
성북구,길음제2동,길음동+하월곡동,611.0,752.0,10717,50.5,49.5,정원오,2486.0
성북구,돈암제1동,돈암동,260.0,613.0,7270,50.4,49.6,정원오,2025.0
성북구,돈암제2동,돈암동+정릉동,294.0,612.0,11172,50.2,49.8,정원오,2024.0
성북구,동선동,돈암동+동소문동7가,124.0,628.0,6644,53.8,46.2,정원오,2075.0
성북구,보문동,보문동6가+보문동3가,210.0,867.0,7041,50.9,49.1,정원오,2866.0
성북구,삼선동,삼선동2가+삼선동3가,89.0,749.0,12106,55.5,44.5,정원오,2476.0
성북구,석관동,석관동,263.0,674.0,15480,50.4,49.6,정원오,2227.0
성북구,성북동,성북동,2.0,348.0,8003,53.2,46.8,정원오,1150.0
성북구,안암동,안암동1가+안암동3가,85.0,558.0,7784,49.7,50.3,오세훈,1843.0
성북구,월곡제1동,하월곡동,177.0,625.0,12433,56.1,43.9,정원오,2067.0
성북구,월곡제2동,하월곡동+상월곡동,240.0,607.0,9200,52.7,47.3,정원오,2007.0
성북구,장위제1동,장위동,193.0,707.0,10525,52.8,47.2,정원오,2337.0
성북구,장위제2동,장위동,183.0,707.0,6910,46.8,53.2,오세훈,2337.0
성북구,장위제3동,장위동,191.0,707.0,9322,47.4,52.6,오세훈,2337.0
성북구,정릉제1동,정릉동,26.0,557.0,8839,52.9,47.1,정원오,1843.0
성북구,정릉제2동,정릉동,77.0,557.0,10135,52.0,48.0,정원오,1843.0
성북구,정릉제3동,정릉동,213.0,557.0,5791,47.2,52.8,오세훈,1843.0
성북구,정릉제4동,정릉동,252.0,557.0,11723,52.8,47.2,정원오,1843.0
성북구,종암동,종암동,362.0,683.0,18777,52.5,47.5,정원오,2259.0
송파구,가락1동,가락동,562.0,1102.0,14080,34.5,65.5,오세훈,3642.0
송파구,가락2동,가락동,392.0,1102.0,13812,45.6,54.4,오세훈,3642.0
송파구,가락본동,가락동,415.0,1102.0,11724,42.4,57.6,오세훈,3642.0
송파구,거여1동,거여동,207.0,833.0,5985,48.1,51.9,오세훈,2755.0
송파구,거여2동,거여동,213.0,833.0,11969,46.6,53.4,오세훈,2755.0
송파구,마천1동,마천동,67.0,587.0,7607,50.9,49.1,정원오,1940.0
송파구,마천2동,마천동,124.0,587.0,9079,51.7,48.3,정원오,1940.0
송파구,문정1동,문정동,222.0,742.0,9978,43.2,56.8,오세훈,2454.0
송파구,문정2동,문정동+장지동,882.0,783.0,14453,32.3,67.7,오세훈,2589.0
송파구,방이1동,방이동,86.0,853.0,7861,44.9,55.1,오세훈,2820.0
송파구,방이2동,방이동,112.0,853.0,12207,46.3,53.7,오세훈,2820.0
송파구,삼전동,삼전동,21.0,698.0,13540,50.4,49.6,정원오,2307.0
송파구,석촌동,석촌동,94.0,1030.0,14034,49.3,50.7,오세훈,3405.0
송파구,송파1동,송파동,230.0,876.0,11621,46.4,53.6,오세훈,2897.0
송파구,송파2동,송파동,199.0,876.0,10066,39.3,60.7,오세훈,2897.0
송파구,오금동,오금동,595.0,698.0,18503,43.8,56.2,오세훈,2309.0
송파구,오륜동,방이동,451.0,853.0,9438,27.2,72.8,오세훈,2820.0
송파구,위례동,장지동+거여동,1219.0,832.0,20083,49.2,50.8,오세훈,2750.0
송파구,잠실2동,잠실동+신천동,1026.0,1324.0,17046,33.9,66.1,오세훈,4375.0
송파구,잠실3동,잠실동+신천동,603.0,1341.0,16922,26.6,73.4,오세훈,4434.0
송파구,잠실4동,신천동,221.0,1143.0,16663,31.9,68.1,오세훈,3777.0
송파구,잠실6동,신천동,370.0,1143.0,8892,29.3,70.7,오세훈,3777.0
송파구,잠실7동,잠실동,281.0,1356.0,1590,43.6,56.4,오세훈,4483.0
송파구,잠실본동,잠실동,427.0,1356.0,12685,45.1,54.9,오세훈,4483.0
송파구,장지동,장지동+문정동,593.0,808.0,15905,48.2,51.8,오세훈,2672.0
송파구,풍납1동,풍납동+신천동,254.0,818.0,5888,49.1,50.9,오세훈,2706.0
송파구,풍납2동,풍납동+신천동,493.0,907.0,11857,45.1,54.9,오세훈,2999.0
양천구,목1동,목동,642.0,916.0,13696,39.0,61.0,오세훈,3028.0
양천구,목2동,목동,472.0,916.0,14249,51.4,48.6,정원오,3028.0
양천구,목3동,목동,221.0,916.0,10099,48.9,51.1,오세훈,3028.0
양천구,목4동,목동,253.0,916.0,11857,52.2,47.8,정원오,3028.0
양천구,목5동,목동,804.0,916.0,19865,36.0,64.0,오세훈,3028.0
양천구,신월1동,신월동,133.0,554.0,8910,53.9,46.1,정원오,1831.0
양천구,신월2동,신월동,130.0,554.0,9693,51.7,48.3,정원오,1831.0
양천구,신월3동,신월동,195.0,554.0,5857,53.1,46.9,정원오,1831.0
양천구,신월4동,신월동,97.0,554.0,8690,56.2,43.8,정원오,1831.0
양천구,신월5동,신월동,135.0,554.0,6717,54.9,45.1,정원오,1831.0
양천구,신월6동,신월동+신정동,110.0,573.0,7873,51.9,48.1,정원오,1893.0
양천구,신월7동,신월동,249.0,554.0,9183,52.2,47.8,정원오,1831.0
양천구,신정1동,신정동,393.0,684.0,9370,39.9,60.1,오세훈,2260.0
양천구,신정2동,신정동,311.0,684.0,10092,52.6,47.4,정원오,2260.0
양천구,신정3동,신정동+신월동,1358.0,680.0,21605,50.3,49.7,정원오,2246.0
양천구,신정4동,신정동,527.0,684.0,15150,52.5,47.5,정원오,2260.0
양천구,신정6동,신정동,471.0,684.0,12525,37.9,62.1,오세훈,2260.0
양천구,신정7동,신정동,593.0,684.0,13974,44.5,55.5,오세훈,2260.0
영등포구,당산제1동,당산동3가+당산동2가,399.0,802.0,10542,46.5,53.5,오세훈,2651.0
영등포구,당산제2동,당산동4가+당산동5가,821.0,936.0,18164,42.3,57.7,오세훈,3094.0
영등포구,대림제1동,대림동,115.0,683.0,6802,52.3,47.7,정원오,2259.0
영등포구,대림제2동,대림동,140.0,683.0,5812,54.5,45.5,정원오,2259.0
영등포구,대림제3동,대림동,212.0,683.0,10354,50.2,49.8,정원오,2259.0
영등포구,도림동,도림동,105.0,718.0,8703,52.7,47.3,정원오,2373.0
영등포구,문래동,문래동3가+문래동6가,542.0,698.0,15899,50.7,49.3,정원오,2307.0
영등포구,신길제1동,신길동,317.0,835.0,8776,48.8,51.2,오세훈,2761.0
영등포구,신길제3동,신길동,194.0,835.0,7956,46.9,53.1,오세훈,2761.0
영등포구,신길제4동,신길동,118.0,835.0,5863,48.2,51.8,오세훈,2761.0
영등포구,신길제5동,신길동,211.0,835.0,4810,49.6,50.4,오세훈,2761.0
영등포구,신길제6동,신길동,276.0,835.0,9282,47.3,52.7,오세훈,2761.0
영등포구,신길제7동,신길동,223.0,835.0,9201,42.9,57.1,오세훈,2761.0
영등포구,양평제1동,양평동1가+양평동3가,350.0,702.0,9767,50.2,49.8,정원오,2322.0
영등포구,양평제2동,양평동5가+양평동4가,296.0,752.0,11661,49.2,50.8,오세훈,2485.0
영등포구,여의동,여의도동,732.0,635.0,17624,26.5,73.5,오세훈,2098.0
영등포구,영등포동,영등포동7가+영등포동8가,425.0,1003.0,13471,43.8,56.2,오세훈,3317.0
영등포구,영등포본동,영등포동+신길동,406.0,803.0,10503,49.2,50.8,오세훈,2654.0
용산구,남영동,동자동+갈월동,12.0,750.0,2919,46.9,53.1,오세훈,2479.0
용산구,보광동,보광동,45.0,706.0,2875,42.5,57.5,오세훈,2335.0
용산구,서빙고동,서빙고동+동빙고동,101.0,711.0,5525,29.0,71.0,오세훈,2350.0
용산구,용문동,도원동+용문동,135.0,828.0,6222,47.1,52.9,오세훈,2737.0
용산구,용산2가동,용산동2가,11.0,536.0,4111,50.4,49.6,정원오,1770.0
용산구,원효로제1동,문배동+원효로1가,423.0,946.0,8712,42.2,57.8,오세훈,3126.0
용산구,원효로제2동,산천동+원효로4가,269.0,778.0,6848,43.2,56.8,오세훈,2572.0
용산구,이촌제1동,이촌동,719.0,958.0,13221,26.2,73.8,오세훈,3168.0
용산구,이촌제2동,이촌동,290.0,958.0,4469,35.3,64.7,오세훈,3168.0
용산구,이태원제1동,이태원동,40.0,574.0,2545,33.3,66.7,오세훈,1896.0
용산구,이태원제2동,이태원동,66.0,574.0,3925,43.0,57.0,오세훈,1896.0
용산구,청파동,청파동3가+청파동1가,5.0,525.0,8581,50.3,49.7,정원오,1735.0
용산구,한강로동,한강로3가+한강로2가,327.0,1097.0,10267,30.5,69.5,오세훈,3626.0
용산구,한남동,한남동,193.0,1134.0,5716,28.1,71.9,오세훈,3749.0
용산구,효창동,효창동,176.0,1178.0,5690,46.5,53.5,오세훈,3895.0
용산구,후암동,후암동,37.0,522.0,7512,50.1,49.9,정원오,1726.0
은평구,갈현제1동,갈현동,53.0,567.0,6502,53.7,46.3,정원오,1876.0
은평구,갈현제2동,갈현동,59.0,567.0,12675,56.6,43.4,정원오,1876.0
은평구,구산동,구산동,73.0,480.0,13810,56.7,43.3,정원오,1588.0
은평구,녹번동,녹번동,378.0,776.0,16521,52.4,47.6,정원오,2566.0
은평구,대조동,대조동,148.0,665.0,12326,52.9,47.1,정원오,2199.0
은평구,불광제1동,불광동,391.0,619.0,16609,50.3,49.7,정원오,2046.0
은평구,불광제2동,불광동,166.0,619.0,12369,53.4,46.6,정원오,2046.0
은평구,수색동,수색동,489.0,766.0,11296,51.6,48.4,정원오,2531.0
은평구,신사제1동,신사동,161.0,505.0,12799,57.5,42.5,정원오,1670.0
은평구,신사제2동,신사동,203.0,505.0,8582,53.2,46.8,정원오,1670.0
은평구,역촌동,역촌동,76.0,583.0,20763,57.8,42.2,정원오,1926.0
은평구,응암제1동,응암동,521.0,784.0,14907,54.7,45.3,정원오,2590.0
은평구,응암제2동,응암동,337.0,784.0,12104,54.2,45.8,정원오,2590.0
은평구,응암제3동,응암동,330.0,784.0,11138,57.1,42.9,정원오,2590.0
은평구,증산동,증산동,266.0,882.0,7956,53.3,46.7,정원오,2917.0
은평구,진관동,진관동,1303.0,523.0,27396,54.7,45.3,정원오,1727.0
종로구,가회동,,,,1888,54.6,45.4,정원오,
종로구,교남동,홍파동+평동,248.0,1406.0,5234,46.8,53.2,오세훈,4647.0
종로구,무악동,무악동,131.0,848.0,4310,49.2,50.8,오세훈,2803.0
종로구,부암동,신영동+부암동,6.0,543.0,4397,51.7,48.3,정원오,1794.0
종로구,사직동,사직동+내수동,62.0,932.0,4274,40.9,59.1,오세훈,3081.0
종로구,삼청동,,,,1042,45.8,54.2,오세훈,
종로구,숭인제1동,숭인동,32.0,736.0,2796,53.6,46.4,정원오,2432.0
종로구,숭인제2동,숭인동,44.0,736.0,4802,54.3,45.7,정원오,2432.0
종로구,이화동,이화동,3.0,435.0,3572,53.6,46.4,정원오,1437.0
종로구,종로1·2·3·4가동,,,,2814,44.4,55.6,오세훈,
종로구,종로5·6가동,충신동+효제동,26.0,1049.0,2381,47.0,53.0,오세훈,3467.0
종로구,창신제1동,창신동+숭인동,69.0,596.0,2829,57.4,42.6,정원오,1969.0
종로구,창신제2동,창신동,55.0,588.0,3682,56.4,43.6,정원오,1943.0
종로구,창신제3동,창신동,50.0,588.0,3284,52.1,47.9,정원오,1943.0
종로구,청운효자동,청운동,1.0,686.0,5907,54.9,45.1,정원오,2267.0
종로구,평창동,평창동+구기동,36.0,619.0,8458,43.8,56.2,오세훈,2047.0
종로구,혜화동,명륜2가+명륜1가,48.0,821.0,8246,51.4,48.6,정원오,2713.0
중구,광희동,인현동2가+충무로4가,105.0,991.0,2495,38.6,61.4,오세훈,3278.0
중구,다산동,신당동,184.0,816.0,6051,49.7,50.3,오세훈,2699.0
중구,동화동,신당동,120.0,816.0,5429,48.8,51.2,오세훈,2699.0
중구,명동,,,,979,43.8,56.2,오세훈,
중구,소공동,순화동+정동,54.0,1246.0,1128,44.0,56.0,오세훈,4119.0
중구,신당동,신당동+흥인동,161.0,834.0,3466,48.9,51.1,오세훈,2758.0
중구,신당제5동,신당동,109.0,816.0,5136,52.8,47.2,정원오,2699.0
중구,약수동,신당동,165.0,816.0,8688,45.8,54.2,오세훈,2699.0
중구,을지로동,입정동+을지로5가,107.0,1221.0,1651,42.1,57.9,오세훈,4036.0
중구,장충동,장충동1가,1.0,1839.0,2207,46.6,53.4,오세훈,6078.0
중구,중림동,만리동2가+중림동,331.0,1042.0,6285,47.0,53.0,오세훈,3444.0
중구,청구동,신당동,116.0,816.0,5985,45.1,54.9,오세훈,2699.0
중구,필동,예장동,2.0,518.0,2266,44.3,55.7,오세훈,1712.0
중구,황학동,황학동,178.0,801.0,6506,49.2,50.8,오세훈,2647.0
중구,회현동,회현동1가+남대문로5가,33.0,903.0,2007,39.7,60.3,오세훈,2986.0
중랑구,망우본동,망우동,461.0,627.0,17593,51.4,48.6,정원오,2071.0
중랑구,망우제3동,망우동,154.0,627.0,7602,54.8,45.2,정원오,2071.0
중랑구,면목본동,면목동,85.0,639.0,14808,54.4,45.6,정원오,2113.0
중랑구,면목제2동,면목동,76.0,639.0,10191,54.0,46.0,정원오,2113.0
중랑구,면목제3·8동,면목동,144.0,639.0,10562,51.5,48.5,정원오,2113.0
중랑구,면목제4동,면목동,86.0,639.0,7761,53.7,46.3,정원오,2113.0
중랑구,면목제5동,면목동,61.0,639.0,6985,55.5,44.5,정원오,2113.0
중랑구,면목제7동,면목동,120.0,639.0,10789,54.2,45.8,정원오,2113.0
중랑구,묵제1동,묵동,264.0,577.0,15704,50.9,49.1,정원오,1908.0
중랑구,묵제2동,묵동+중화동,147.0,585.0,9434,54.1,45.9,정원오,1934.0
중랑구,상봉제1동,상봉동,173.0,589.0,10007,49.8,50.2,오세훈,1948.0
중랑구,상봉제2동,상봉동,137.0,589.0,9892,53.8,46.2,정원오,1948.0
중랑구,신내제1동,신내동,829.0,486.0,17824,52.2,47.8,정원오,1607.0
중랑구,신내제2동,신내동,309.0,486.0,11821,53.3,46.7,정원오,1607.0
중랑구,중화제1동,중화동+상봉동,131.0,709.0,8452,52.1,47.9,정원오,2345.0
중랑구,중화제2동,중화동,184.0,720.0,12167,52.6,47.4,정원오,2379.0
