시도,자치구,행정동,선거인수,투표수,더불어민주당 정원오,국민의힘 오세훈,개혁신당 김정철,여성의당 유지혜,정의당 권영국,유효투표수
서울특별시,종로구,청운효자동,9091,5977,3129,2574,44,49,111,5907
서울특별시,종로구,사직동,7314,4315,1695,2449,33,42,55,4274
서울특별시,종로구,삼청동,1725,1049,467,553,5,4,13,1042
서울특별시,종로구,부암동,7226,4432,2210,2064,29,26,68,4397
서울특별시,종로구,평창동,14007,8519,3625,4644,51,42,96,8458
서울특별시,종로구,무악동,6177,4352,2062,2129,29,37,53,4310
서울특별시,종로구,교남동,7802,5278,2377,2707,39,33,78,5234
서울특별시,종로구,가회동,3079,1904,1005,836,15,13,19,1888
서울특별시,종로구,종로1·2·3·4가동,5657,2855,1215,1521,27,19,32,2814
서울특별시,종로구,종로5·6가동,4552,2414,1092,1229,18,19,23,2381
서울특별시,종로구,이화동,6207,3629,1843,1594,29,45,61,3572
서울특별시,종로구,혜화동,13728,8349,4033,3817,111,129,156,8246
서울특별시,종로구,창신제1동,4449,2874,1592,1183,16,16,22,2829
서울특별시,종로구,창신제2동,6348,3735,2044,1581,15,19,23,3682
서울특별시,종로구,창신제3동,5157,3310,1674,1540,15,20,35,3284
서울특별시,종로구,숭인제1동,4815,2827,1473,1273,10,15,25,2796
서울특별시,종로구,숭인제2동,8969,4867,2524,2128,45,53,52,4802
서울특별시,중구,소공동,1917,1136,478,609,10,10,21,1128
서울특별시,중구,회현동,3645,2032,778,1183,18,13,15,2007
서울특별시,중구,명동,1955,991,421,541,7,4,6,979
서울특별시,중구,필동,3931,2290,975,1228,20,19,24,2266
서울특별시,중구,장충동,4064,2246,992,1138,27,24,26,2207
서울특별시,중구,광희동,4775,2526,941,1495,22,21,16,2495
서울특별시,중구,을지로동,2734,1663,677,932,14,6,22,1651
서울특별시,중구,신당동,6422,3518,1648,1723,26,41,28,3466
서울특별시,중구,다산동,10579,6128,2933,2964,51,40,63,6051
서울특별시,중구,약수동,13385,8795,3891,4606,74,46,71,8688
서울특별시,중구,청구동,8896,6053,2636,3212,49,40,48,5985
서울특별시,중구,신당제5동,8583,5198,2648,2369,39,38,42,5136
서울특별시,중구,동화동,8118,5483,2602,2728,36,34,29,5429
서울특별시,중구,황학동,11478,6592,3132,3230,51,50,43,6506
서울특별시,중구,중림동,9736,6337,2874,3241,51,51,68,6285
서울특별시,용산구,후암동,12758,7604,3663,3644,51,60,94,7512
서울특별시,용산구,용산2가동,7508,4161,2013,1983,25,22,68,4111
서울특별시,용산구,남영동,5998,2965,1336,1512,18,19,34,2919
서울특별시,용산구,청파동,15792,8674,4104,4062,78,207,130,8581
서울특별시,용산구,원효로제1동,14089,8778,3564,4878,69,88,113,8712
서울특별시,용산구,원효로제2동,10890,6904,2873,3784,47,66,78,6848
서울특별시,용산구,효창동,8628,5728,2565,2953,42,53,77,5690
서울특별시,용산구,용문동,9468,6286,2856,3206,40,48,72,6222
서울특별시,용산구,한강로동,17117,10348,3069,6983,51,64,100,10267
서울특별시,용산구,이촌제1동,20003,13292,3401,9563,91,77,89,13221
서울특별시,용산구,이촌제2동,6548,4518,1555,2844,21,16,33,4469
서울특별시,용산구,이태원제1동,4846,2573,830,1661,17,19,18,2545
서울특별시,용산구,이태원제2동,7261,3973,1646,2185,24,23,47,3925
서울특별시,용산구,한남동,11291,5766,1587,4053,23,22,31,5716
서울특별시,용산구,서빙고동,9478,5581,1575,3850,37,33,30,5525
서울특별시,용산구,보광동,4947,2911,1193,1617,19,16,30,2875
서울특별시,성동구,금호1가동,11225,7225,3664,3420,38,28,23,7173
서울특별시,성동구,금호2·3가동,16802,10731,5399,5108,49,41,49,10646
서울특별시,성동구,금호4가동,11804,7772,3803,3825,39,18,25,7710
서울특별시,성동구,옥수동,20559,13402,5436,7719,71,44,47,13317
서울특별시,성동구,왕십리도선동,20538,13048,6477,6269,84,72,56,12958
서울특별시,성동구,왕십리제2동,13396,8885,5038,3672,36,26,44,8816
서울특별시,성동구,행당제1동,12928,8451,4110,4140,57,34,44,8385
서울특별시,성동구,행당제2동,17696,12139,6242,5637,57,53,55,12044
서울특별시,성동구,마장동,18168,11571,6213,5020,72,72,66,11443
서울특별시,성동구,사근동,10388,5520,2580,2678,67,67,39,5431
서울특별시,성동구,송정동,7821,4566,2507,1948,35,21,21,4532
서울특별시,성동구,용답동,11517,6492,3531,2739,52,39,50,6411
서울특별시,성동구,응봉동,11397,7514,3915,3465,24,22,34,7460
서울특별시,성동구,성수1가제1동,12154,7324,3095,4073,32,41,27,7268
서울특별시,성동구,성수1가제2동,12685,8556,4101,4268,49,38,40,8496
서울특별시,성동구,성수2가제1동,11811,7168,3318,3689,40,23,20,7090
서울특별시,성동구,성수2가제3동,8195,5309,2494,2683,39,30,37,5283
서울특별시,광진구,중곡제1동,12993,7580,3819,3418,67,73,86,7463
서울특별시,광진구,중곡제2동,17036,10069,5164,4510,75,106,88,9943
서울특별시,광진구,중곡제3동,13346,7792,3919,3567,56,72,74,7688
서울특별시,광진구,중곡제4동,23418,14384,7343,6530,89,121,110,14193
서울특별시,광진구,능동,9377,5753,2831,2653,42,70,74,5670
서울특별시,광진구,구의제1동,20243,11800,5722,5584,100,109,129,11644
서울특별시,광진구,구의제2동,20667,12581,6332,5822,85,98,109,12446
서울특별시,광진구,구의제3동,23119,15478,6590,8372,108,118,135,15323
서울특별시,광진구,광장동,24608,16585,6977,9135,109,119,121,16461
서울특별시,광진구,자양제1동,19365,11593,5683,5394,101,113,121,11412
서울특별시,광진구,자양제2동,20528,12517,5512,6616,76,78,91,12373
서울특별시,광진구,자양제3동,21757,14645,6051,8192,78,88,98,14507
서울특별시,광진구,자양제4동,18133,10792,4793,5638,72,77,69,10649
서울특별시,광진구,화양동,21004,10084,4380,5108,126,208,126,9948
서울특별시,광진구,군자동,16107,8898,4346,4134,110,94,103,8787
서울특별시,동대문구,신설동,12961,7163,3364,3511,59,53,84,7071
서울특별시,동대문구,용두동,19741,11682,5624,5634,106,77,103,11544
서울특별시,동대문구,제기동,19261,11169,5105,5559,115,101,118,10998
서울특별시,동대문구,청량리동,15548,9440,4116,4983,45,60,80,9284
서울특별시,동대문구,회기동,9754,5590,2539,2687,89,105,92,5512
서울특별시,동대문구,휘경제1동,13852,8175,3635,4197,62,80,101,8075
서울특별시,동대문구,휘경제2동,19007,11013,5079,5464,100,128,131,10902
서울특별시,동대문구,이문제1동,23950,14913,6274,8023,137,162,166,14762
서울특별시,동대문구,이문제2동,15194,10051,5025,4663,76,77,97,9938
서울특별시,동대문구,전농제1동,26296,15889,7430,7877,121,124,115,15667
서울특별시,동대문구,전농제2동,14603,9699,4836,4563,62,61,60,9582
서울특별시,동대문구,답십리제1동,21937,13986,6853,6692,82,102,117,13846
서울특별시,동대문구,답십리제2동,22538,14317,7116,6784,70,73,92,14135
서울특별시,동대문구,장안제1동,31817,19129,9984,8499,124,140,183,18930
서울특별시,동대문구,장안제2동,26413,16053,8185,7330,112,118,131,15876
서울특별시,중랑구,면목본동,27728,15038,7857,6577,96,131,147,14808
서울특별시,중랑구,면목제2동,19289,10324,5383,4584,73,75,76,10191
서울특별시,중랑구,면목제3·8동,19700,10732,5314,5009,61,70,108,10562
서울특별시,중랑구,면목제4동,14258,7898,4075,3509,55,60,62,7761
서울특별시,중랑구,면목제5동,11479,7044,3788,3032,46,47,72,6985
서울특별시,중랑구,면목제7동,18144,10927,5715,4832,78,72,92,10789
서울특별시,중랑구,상봉제1동,17274,10155,4874,4904,78,80,71,10007
서울특별시,중랑구,상봉제2동,19234,10021,5139,4405,99,125,124,9892
서울특별시,중랑구,중화제1동,14938,8546,4300,3956,56,63,77,8452
서울특별시,중랑구,중화제2동,22345,12355,6253,5640,103,85,86,12167
서울특별시,중랑구,묵제1동,26302,15859,7777,7511,110,142,164,15704
서울특별시,중랑구,묵제2동,16002,9559,4975,4216,80,78,85,9434
서울특별시,중랑구,망우본동,30971,17847,8853,8373,98,119,150,17593
서울특별시,중랑구,망우제3동,13757,7740,4068,3358,40,62,74,7602
서울특별시,중랑구,신내제1동,28476,18051,9084,8302,128,149,161,17824
서울특별시,중랑구,신내제2동,17374,11957,6170,5396,85,64,106,11821
서울특별시,성북구,성북동,13458,8073,4094,3597,54,89,169,8003
서울특별시,성북구,삼선동,19916,12235,6437,5151,109,199,210,12106
서울특별시,성북구,동선동,12535,6725,3344,2875,59,236,130,6644
서울특별시,성북구,돈암제1동,11330,7332,3566,3504,49,54,97,7270
서울특별시,성북구,돈암제2동,17466,11262,5434,5393,73,98,174,11172
서울특별시,성북구,안암동,14021,7878,3667,3709,131,136,141,7784
서울특별시,성북구,보문동,12652,7129,3469,3345,67,65,95,7041
서울특별시,성북구,정릉제1동,13974,8912,4565,4066,44,66,98,8839
서울특별시,성북구,정릉제2동,17440,10250,5129,4742,70,81,113,10135
서울특별시,성북구,정릉제3동,11288,5883,2648,2960,51,71,61,5791
서울특별시,성북구,정릉제4동,19702,11830,6050,5407,72,76,118,11723
서울특별시,성북구,길음제1동,26270,17223,8800,7925,113,97,166,17101
서울특별시,성북구,길음제2동,16621,10794,5291,5195,66,76,89,10717
서울특별시,성북구,종암동,30349,18970,9578,8659,157,167,216,18777
서울특별시,성북구,월곡제1동,19849,12569,6823,5339,65,96,110,12433
서울특별시,성북구,월곡제2동,15715,9309,4669,4184,60,158,129,9200
서울특별시,성북구,장위제1동,18515,10671,5435,4860,61,75,94,10525
서울특별시,성북구,장위제2동,12531,7012,3160,3597,35,52,66,6910
서울특별시,성북구,장위제3동,14436,9390,4319,4797,58,62,86,9322
서울특별시,성북구,석관동,27049,15675,7618,7495,86,129,152,15480
서울특별시,강북구,삼양동,20396,11532,6087,5007,68,84,112,11358
서울특별시,강북구,미아동,18448,10486,5641,4411,48,128,108,10336
서울특별시,강북구,송중동,22404,12385,6169,5771,61,120,115,12236
서울특별시,강북구,송천동,19820,11381,5941,5044,69,77,98,11229
서울특별시,강북구,삼각산동,23259,15158,8044,6632,87,118,143,15024
서울특별시,강북구,번1동,14754,7955,4156,3444,50,100,89,7839
서울특별시,강북구,번2동,12139,7104,3649,3159,49,37,67,6961
서울특별시,강북구,번3동,13150,8059,4061,3690,48,57,73,7929
서울특별시,강북구,수유1동,17010,9063,4916,3757,63,87,112,8935
서울특별시,강북구,수유2동,17176,10100,5047,4670,62,90,85,9954
서울특별시,강북구,수유3동,19187,9442,4689,4364,58,100,92,9303
서울특별시,강북구,우이동,16713,9427,4952,4113,50,89,127,9331
서울특별시,강북구,인수동,23460,12788,6691,5587,76,84,145,12583
서울특별시,도봉구,쌍문1동,16883,9602,4926,4296,52,118,103,9495
서울특별시,도봉구,쌍문2동,14826,8724,4502,3891,48,69,82,8592
서울특별시,도봉구,쌍문3동,13822,8076,4191,3560,59,63,85,7958
서울특별시,도봉구,쌍문4동,13987,9013,4398,4335,37,92,72,8934
서울특별시,도봉구,방학1동,22374,12734,6195,6167,76,66,86,12590
서울특별시,도봉구,방학2동,15167,8564,4500,3754,41,53,67,8415
서울특별시,도봉구,방학3동,21049,13764,7068,6296,71,88,122,13645
서울특별시,도봉구,창1동,18669,11553,5660,5510,65,79,118,11432
서울특별시,도봉구,창2동,23637,13728,7179,6101,87,83,128,13578
서울특별시,도봉구,창3동,10672,5960,3151,2594,28,28,60,5861
서울특별시,도봉구,창4동,21563,14419,6853,7181,97,97,95,14323
서울특별시,도봉구,창5동,19657,12723,5871,6423,67,108,119,12588
서울특별시,도봉구,도봉1동,17794,10784,5421,5011,47,52,77,10608
서울특별시,도봉구,도봉2동,20826,13071,6386,6290,71,77,89,12913
서울특별시,노원구,월계1동,17830,10949,5326,5225,84,83,88,10806
서울특별시,노원구,월계2동,20127,12431,6162,5784,63,105,119,12233
서울특별시,노원구,월계3동,22195,14252,6514,7223,90,112,131,14070
서울특별시,노원구,공릉1동,30314,18347,9358,8127,174,242,214,18115
서울특별시,노원구,공릉2동,31944,20461,10128,9479,159,253,236,20255
서울특별시,노원구,하계1동,20634,12448,5983,5936,120,137,109,12285
서울특별시,노원구,하계2동,15915,10805,5573,4907,64,97,83,10724
서울특별시,노원구,중계본동,16190,10251,5282,4583,73,103,124,10165
서울특별시,노원구,중계1동,18229,11829,6224,5242,92,93,105,11756
서울특별시,노원구,중계2·3동,26718,16818,8687,7511,118,108,147,16571
서울특별시,노원구,중계4동,15260,9542,4955,4232,62,60,109,9418
서울특별시,노원구,상계1동,30039,18275,9245,8330,130,158,196,18059
서울특별시,노원구,상계2동,15897,9573,4673,4537,71,87,98,9466
서울특별시,노원구,상계3·4동,21645,12689,6273,5940,94,85,117,12509
서울특별시,노원구,상계5동,19197,11273,5614,5188,92,90,124,11108
서울특별시,노원구,상계6·7동,24623,15524,7396,7603,129,126,141,15395
서울특별시,노원구,상계8동,16696,10981,5563,4987,96,83,151,10880
서울특별시,노원구,상계9동,15747,10294,4970,4917,92,88,124,10191
서울특별시,노원구,상계10동,14671,9583,4497,4748,78,60,102,9485
서울특별시,은평구,녹번동,29006,16693,8440,7666,98,123,194,16521
서울특별시,은평구,응암제1동,25549,15080,7899,6532,120,161,195,14907
서울특별시,은평구,응암제2동,19755,12205,6394,5404,88,86,132,12104
서울특별시,은평구,응암제3동,20498,11314,6185,4654,54,111,134,11138
서울특별시,은평구,역촌동,37278,21035,11647,8514,138,191,273,20763
서울특별시,은평구,신사제1동,22000,12960,7134,5277,93,119,176,12799
서울특별시,은평구,신사제2동,15371,8691,4448,3906,60,61,107,8582
서울특별시,은평구,증산동,12576,8035,4114,3608,50,72,112,7956
서울특별시,은평구,수색동,17136,11410,5676,5317,88,85,130,11296
서울특별시,은평구,불광제1동,27722,16800,8131,8023,118,140,197,16609
서울특별시,은평구,불광제2동,22662,12557,6443,5623,80,91,132,12369
서울특별시,은평구,갈현제1동,11779,6593,3401,2932,35,50,84,6502
서울특별시,은평구,갈현제2동,22724,12818,6956,5328,101,134,156,12675
서울특별시,은평구,구산동,25145,13995,7592,5801,90,133,194,13810
서울특별시,은평구,대조동,22696,12503,6286,5596,120,142,182,12326
서울특별시,은평구,진관동,42131,27630,14548,12031,212,247,358,27396
서울특별시,서대문구,충현동,15063,8883,4010,4476,97,99,97,8779
서울특별시,서대문구,천연동,13633,9221,4407,4431,101,71,115,9125
서울특별시,서대문구,북아현동,12789,8429,3921,4148,84,99,101,8353
서울특별시,서대문구,신촌동,17524,8300,3256,4190,114,460,181,8201
서울특별시,서대문구,연희동,27907,15411,6948,7714,129,150,307,15248
서울특별시,서대문구,홍제제1동,19207,12146,5792,5903,61,102,144,12002
서울특별시,서대문구,홍제제2동,10576,7459,3598,3598,54,53,81,7384
서울특별시,서대문구,홍제제3동,14293,9000,4545,4131,54,61,92,8883
서울특별시,서대문구,홍은제1동,19620,12706,6636,5619,62,74,168,12559
서울특별시,서대문구,홍은제2동,21300,12209,6092,5639,73,98,158,12060
서울특별시,서대문구,남가좌제1동,14483,10521,5414,4762,62,72,135,10445
서울특별시,서대문구,남가좌제2동,21360,13068,6271,6253,78,136,174,12912
서울특별시,서대문구,북가좌제1동,14599,10067,5129,4592,71,58,121,9971
서울특별시,서대문구,북가좌제2동,24673,14517,7605,6326,89,127,182,14329
서울특별시,마포구,공덕동,28320,16810,7472,8657,119,192,178,16618
서울특별시,마포구,아현동,21688,13935,5676,7800,97,96,142,13811
서울특별시,마포구,도화동,16788,11411,4822,6225,75,78,106,11306
서울특별시,마포구,용강동,16574,11207,4890,5960,92,66,116,11124
서울특별시,마포구,대흥동,11803,6698,2889,3420,73,136,98,6616
서울특별시,마포구,염리동,13117,8394,3826,4275,56,79,86,8322
서울특별시,마포구,신수동,17246,10979,4883,5721,83,73,132,10892
서울특별시,마포구,서강동,20133,12354,5565,6213,101,148,216,12243
서울특별시,마포구,서교동,19787,10034,4681,4798,91,152,188,9910
서울특별시,마포구,합정동,13618,8149,4041,3683,70,108,156,8058
서울특별시,마포구,망원1동,16029,9640,4881,4229,73,114,205,9502
서울특별시,마포구,망원2동,14506,9234,4943,3838,73,89,188,9131
서울특별시,마포구,연남동,12672,7276,3621,3285,54,80,163,7203
서울특별시,마포구,성산1동,14895,8407,4454,3473,57,106,232,8322
서울특별시,마포구,성산2동,30729,18982,9362,8744,167,218,293,18784
서울특별시,마포구,상암동,23087,14699,8046,6014,129,153,187,14529
서울특별시,양천구,목1동,21150,13776,5239,8197,91,93,76,13696
서울특별시,양천구,목2동,23349,14403,7108,6731,128,126,156,14249
서울특별시,양천구,목3동,17128,10215,4812,5025,92,82,88,10099
서울특별시,양천구,목4동,19640,11995,6028,5515,82,118,114,11857
서울특별시,양천구,목5동,28952,19946,6999,12461,111,131,163,19865
서울특별시,양천구,신월1동,16172,9034,4709,4032,51,56,62,8910
서울특별시,양천구,신월2동,15986,9815,4913,4587,53,68,72,9693
서울특별시,양천구,신월3동,11285,5945,3047,2689,27,41,53,5857
서울특별시,양천구,신월4동,13748,8802,4790,3739,34,59,68,8690
서울특별시,양천구,신월5동,11648,6782,3600,2962,42,53,60,6717
서울특별시,양천구,신월6동,11467,7940,3995,3706,48,52,72,7873
서울특별시,양천구,신월7동,15436,9337,4696,4304,60,50,73,9183
서울특별시,양천구,신정1동,13876,9428,3666,5514,58,57,75,9370
서울특별시,양천구,신정2동,14897,10172,5170,4668,68,82,104,10092
서울특별시,양천구,신정3동,34857,21810,10627,10503,122,155,198,21605
서울특별시,양천구,신정4동,26683,15314,7762,7020,104,143,121,15150
서울특별시,양천구,신정6동,17721,12593,4658,7623,84,69,91,12525
서울특별시,양천구,신정7동,21114,14141,6097,7591,109,78,99,13974
서울특별시,강서구,염창동,31611,20981,10424,9887,166,168,197,20842
서울특별시,강서구,등촌제1동,21073,12298,5962,5844,118,113,147,12184
서울특별시,강서구,등촌제2동,15847,9747,4516,4879,70,78,100,9643
서울특별시,강서구,등촌제3동,24489,15635,7432,7631,106,101,148,15418
서울특별시,강서구,화곡본동,26418,13242,7122,5524,107,132,182,13067
서울특별시,강서구,화곡제1동,41826,20316,10451,9024,167,192,226,20060
서울특별시,강서구,화곡제2동,14013,7405,4015,3060,49,97,102,7323
서울특별시,강서구,화곡제3동,17353,10803,4938,5429,88,92,139,10686
서울특별시,강서구,화곡제4동,16664,9010,4867,3774,59,61,117,8878
서울특별시,강서구,화곡제6동,21742,12686,6264,5958,88,98,136,12544
서울특별시,강서구,화곡제8동,20345,11638,6585,4551,110,108,146,11500
서울특별시,강서구,우장산동,32477,19709,9194,9841,162,177,197,19571
서울특별시,강서구,가양제1동,27280,15221,6749,7897,135,146,167,15094
서울특별시,강서구,가양제2동,12085,7945,3753,3932,51,49,56,7841
서울특별시,강서구,가양제3동,12122,8024,3794,3945,49,52,71,7911
서울특별시,강서구,발산제1동,27306,17586,9737,7211,110,167,181,17406
서울특별시,강서구,공항동,22781,13088,6696,5910,121,109,107,12943
서울특별시,강서구,방화제1동,32192,20333,10004,9639,142,150,194,20129
서울특별시,강서구,방화제2동,19683,11468,5468,5554,112,78,118,11330
서울특별시,강서구,방화제3동,18311,11628,5560,5671,85,65,106,11487
서울특별시,구로구,신도림동,28456,19155,8874,9686,122,146,176,19004
서울특별시,구로구,구로제1동,16236,10819,5470,4945,94,90,126,10725
서울특별시,구로구,구로제2동,20321,9778,5013,4406,65,50,85,9619
서울특별시,구로구,구로제3동,20361,11293,6166,4556,142,105,145,11114
서울특별시,구로구,구로제4동,15997,8287,4275,3624,64,68,74,8105
서울특별시,구로구,구로제5동,24818,14419,7174,6692,121,120,150,14257
서울특별시,구로구,가리봉동,8427,3659,1830,1629,44,30,34,3567
서울특별시,구로구,고척제1동,22235,14101,7017,6548,113,128,144,13950
서울특별시,구로구,고척제2동,20545,12458,6215,5733,89,103,147,12287
서울특별시,구로구,개봉제1동,27825,16598,8149,7799,118,110,178,16354
서울특별시,구로구,개봉제2동,25231,16416,8067,7776,124,126,164,16257
서울특별시,구로구,개봉제3동,15913,9244,4688,4194,68,80,87,9117
서울특별시,구로구,오류제1동,20699,11859,5734,5557,94,136,174,11695
서울특별시,구로구,오류제2동,28405,17649,8950,7993,98,139,219,17399
서울특별시,구로구,수궁동,18343,11571,5157,5961,70,80,115,11383
서울특별시,구로구,항동,11960,8236,4681,3237,80,54,132,8184
서울특별시,금천구,가산동,23282,11650,5921,5038,176,164,187,11486
서울특별시,금천구,독산제1동,39186,21725,10626,10146,241,218,237,21468
서울특별시,금천구,독산제2동,14880,7565,3941,3320,64,59,60,7444
서울특별시,금천구,독산제3동,20958,10982,5814,4729,70,90,114,10817
서울특별시,금천구,독산제4동,12921,7036,3822,2947,50,43,59,6921
서울특별시,금천구,시흥제1동,26460,14488,7224,6674,121,113,141,14273
서울특별시,금천구,시흥제2동,16136,10531,5486,4705,52,58,101,10402
서울특별시,금천구,시흥제3동,8735,5509,2830,2468,36,37,57,5428
서울특별시,금천구,시흥제4동,15916,9193,4744,4096,67,64,57,9028
서울특별시,금천구,시흥제5동,15269,8765,4474,3899,69,57,83,8582
서울특별시,영등포구,영등포본동,17535,10630,5043,5205,86,66,103,10503
서울특별시,영등포구,영등포동,26352,13657,5699,7302,174,142,154,13471
서울특별시,영등포구,여의동,27738,17726,4584,12735,98,88,119,17624
서울특별시,영등포구,당산제1동,17686,10682,4748,5454,106,122,112,10542
서울특별시,영등포구,당산제2동,28918,18314,7453,10164,151,187,209,18164
서울특별시,영등포구,도림동,15520,8822,4465,4007,91,62,78,8703
서울특별시,영등포구,문래동,24046,16032,7865,7649,124,114,147,15899
서울특별시,영등포구,양평제1동,15902,9867,4741,4707,107,87,125,9767
서울특별시,영등포구,양평제2동,18312,11753,5570,5742,96,114,139,11661
서울특별시,영등포구,신길제1동,16251,8897,4152,4349,72,80,123,8776
서울특별시,영등포구,신길제3동,13298,8077,3650,4126,58,60,62,7956
서울특별시,영등포구,신길제4동,9728,5944,2758,2964,47,41,53,5863
서울특별시,영등포구,신길제5동,7991,4859,2330,2369,39,35,37,4810
서울특별시,영등포구,신길제6동,15157,9384,4259,4751,79,78,115,9282
서울특별시,영등포구,신길제7동,14270,9271,3845,5126,73,78,79,9201
서울특별시,영등포구,대림제1동,12198,6915,3487,3174,52,40,49,6802
서울특별시,영등포구,대림제2동,12060,5932,3090,2575,51,50,46,5812
서울특별시,영등포구,대림제3동,18185,10490,5062,5029,72,72,119,10354
서울특별시,동작구,노량진제1동,26531,15674,6154,8804,205,126,170,15459
서울특별시,동작구,노량진제2동,7593,4376,2046,2078,65,58,57,4304
서울특별시,동작구,상도제1동,36687,22679,9742,11864,296,247,253,22402
서울특별시,동작구,상도제2동,21131,13418,5877,6999,168,110,131,13285
서울특별시,동작구,상도제3동,20781,12861,6503,5728,162,140,144,12677
서울특별시,동작구,상도제4동,23101,13353,6405,6380,164,100,126,13175
서울특별시,동작구,흑석동,24217,15355,5928,8934,138,95,125,15220
서울특별시,동작구,사당제1동,18570,10500,4854,5103,138,109,138,10342
서울특별시,동작구,사당제2동,23163,15228,6432,8287,150,84,137,15090
서울특별시,동작구,사당제3동,18185,11674,4891,6424,97,70,84,11566
서울특별시,동작구,사당제4동,11701,7279,3615,3372,66,64,70,7187
서울특별시,동작구,사당제5동,11553,7560,3569,3707,81,47,76,7480
서울특별시,동작구,대방동,25756,15775,7236,7776,213,160,190,15575
서울특별시,동작구,신대방제1동,18938,11564,5381,5724,134,87,111,11437
서울특별시,동작구,신대방제2동,17539,10823,5020,5353,110,107,124,10714
서울특별시,관악구,보라매동,19869,11081,5600,4952,129,120,134,10935
서울특별시,관악구,은천동,26313,15779,8250,6854,164,152,186,15606
서울특별시,관악구,성현동,23542,15227,7658,6963,148,109,180,15058
서울특별시,관악구,중앙동,13837,7556,3790,3258,133,106,132,7419
서울특별시,관악구,청림동,11990,8034,4010,3707,70,59,94,7940
서울특별시,관악구,행운동,24556,13825,6702,6325,204,189,210,13630
서울특별시,관악구,청룡동,31420,16981,8038,7907,231,304,263,16743
서울특별시,관악구,낙성대동,15225,8344,3841,3953,152,115,169,8230
서울특별시,관악구,인헌동,23116,13972,7137,6007,211,182,217,13754
서울특별시,관악구,남현동,15054,8927,4206,4309,101,107,104,8827
서울특별시,관악구,신림동,21744,9365,4389,4319,163,184,135,9190
서울특별시,관악구,신사동,20590,10478,5271,4627,132,136,155,10321
서울특별시,관악구,조원동,17883,9560,4707,4338,107,117,147,9416
서울특별시,관악구,미성동,24217,13942,6837,6490,140,107,161,13735
서울특별시,관악구,난곡동,20765,11238,6028,4693,109,94,138,11062
서울특별시,관악구,난향동,11807,7405,3987,3160,53,61,66,7327
서울특별시,관악구,서원동,20269,9792,4678,4549,140,128,157,9652
서울특별시,관악구,신원동,15717,8223,4036,3724,90,101,137,8088
서울특별시,관악구,서림동,19792,9681,4416,4719,135,114,158,9542
서울특별시,관악구,삼성동,17330,10902,5670,4767,95,62,143,10737
서울특별시,관악구,대학동,22240,11323,5382,5224,226,132,204,11168
서울특별시,서초구,서초1동,16522,10029,3271,6426,102,69,84,9952
서울특별시,서초구,서초2동,19821,12207,3495,8366,103,68,79,12111
서울특별시,서초구,서초3동,26459,15801,5205,10153,136,102,107,15703
서울특별시,서초구,서초4동,22503,14422,3171,10925,95,84,76,14351
서울특별시,서초구,잠원동,26695,17529,4302,12823,107,101,115,17448
서울특별시,서초구,반포본동,233,141,50,88,1,1,1,141
서울특별시,서초구,반포1동,25557,14978,4175,10466,83,73,96,14893
서울특별시,서초구,반포2동,19736,13657,2795,10587,78,74,64,13598
서울특별시,서초구,반포3동,18160,12281,2883,9120,84,68,71,12226
서울특별시,서초구,반포4동,13817,8587,2313,6061,57,46,62,8539
서울특별시,서초구,방배본동,15971,10498,3320,6915,56,59,65,10415
서울특별시,서초구,방배1동,13310,8599,2978,5326,75,63,83,8525
서울특별시,서초구,방배2동,14455,9599,3739,5558,82,69,71,9519
서울특별시,서초구,방배3동,12286,8180,2467,5506,57,48,55,8133
서울특별시,서초구,방배4동,20321,13111,4647,8057,89,87,114,12994
서울특별시,서초구,양재1동,31433,20080,8069,11411,146,131,151,19908
서울특별시,서초구,양재2동,17821,10937,5009,5523,118,76,100,10826
서울특별시,서초구,내곡동,13171,8863,3472,5141,43,48,64,8768
서울특별시,강남구,신사동,12472,7608,1617,5856,33,35,27,7568
서울특별시,강남구,논현1동,18335,7850,2873,4747,61,57,48,7786
서울특별시,강남구,논현2동,17002,8344,2468,5630,49,58,56,8261
서울특별시,강남구,압구정동,20311,12753,1756,10757,69,51,55,12688
서울특별시,강남구,청담동,21315,12086,2709,9091,75,66,58,11999
서울특별시,강남구,삼성1동,10569,6270,1521,4605,39,22,33,6220
서울특별시,강남구,삼성2동,24145,14062,4089,9590,102,103,90,13974
서울특별시,강남구,대치1동,16884,11159,2081,8834,92,64,40,11111
서울특별시,강남구,대치2동,27816,17896,4088,13386,142,82,108,17806
서울특별시,강남구,대치4동,15004,7727,2968,4491,78,67,57,7661
서울특별시,강남구,역삼1동,29986,12851,4832,7504,155,129,94,12714
서울특별시,강남구,역삼2동,27597,16022,5108,10429,133,112,122,15904
서울특별시,강남구,도곡1동,16238,10559,3225,6998,93,89,80,10485
서울특별시,강남구,도곡2동,23819,14856,2823,11686,106,92,72,14779
서울특별시,강남구,개포1동,20616,14035,3853,9867,104,69,69,13962
서울특별시,강남구,개포2동,28062,18105,4931,12755,147,81,104,18018
서울특별시,강남구,개포3동,12760,8659,2974,5429,72,38,52,8565
서울특별시,강남구,개포4동,18661,11359,4226,6822,87,75,66,11276
서울특별시,강남구,일원본동,17046,11571,3933,7310,97,62,86,11488
서울특별시,강남구,일원1동,11587,6946,2760,3899,63,52,54,6828
서울특별시,강남구,수서동,12028,8060,3077,4732,55,41,40,7945
서울특별시,강남구,세곡동,35124,22240,9803,11723,188,162,168,22044
서울특별시,송파구,풍납1동,9510,5956,2831,2938,36,41,42,5888
서울특별시,송파구,풍납2동,18706,11965,5217,6358,104,80,98,11857
서울특별시,송파구,거여1동,9896,6066,2821,3048,36,37,43,5985
서울특별시,송파구,거여2동,18471,12161,5461,6255,90,75,88,11969
서울특별시,송파구,마천1동,12784,7726,3792,3664,44,47,60,7607
서울특별시,송파구,마천2동,15273,9221,4612,4311,68,37,51,9079
서울특별시,송파구,방이1동,12181,7954,3451,4239,60,58,53,7861
서울특별시,송파구,방이2동,22466,12329,5506,6381,111,95,114,12207
서울특별시,송파구,오륜동,13639,9493,2524,6751,63,59,41,9438
서울특별시,송파구,오금동,29887,18685,7934,10184,119,124,142,18503
서울특별시,송파구,송파1동,19810,11743,5248,6071,105,115,82,11621
서울특별시,송파구,송파2동,14944,10134,3865,5979,77,78,67,10066
서울특별시,송파구,석촌동,25661,14188,6723,6921,124,141,125,14034
서울특별시,송파구,삼전동,24468,13711,6636,6536,114,125,129,13540
서울특별시,송파구,가락본동,19683,11817,4853,6580,107,88,96,11724
서울특별시,송파구,가락1동,20534,14165,4765,9063,97,69,86,14080
서울특별시,송파구,가락2동,21995,13927,6158,7340,111,101,102,13812
서울특별시,송파구,문정1동,16280,10058,4198,5512,95,84,89,9978
서울특별시,송파구,문정2동,23559,14532,4568,9573,114,107,91,14453
서울특별시,송파구,장지동,24762,16061,7498,8061,132,100,114,15905
서울특별시,송파구,잠실본동,23310,12812,5578,6781,106,114,106,12685
서울특별시,송파구,잠실2동,25382,17159,5676,11053,115,95,107,17046
서울특별시,송파구,잠실3동,25010,17016,4427,12240,71,98,86,16922
서울특별시,송파구,잠실4동,23735,16779,5214,11106,129,80,134,16663
서울특별시,송파구,잠실6동,13031,8947,2569,6201,43,38,41,8892
서울특별시,송파구,잠실7동,1601,1600,682,881,15,3,9,1590
서울특별시,송파구,위례동,30760,20229,9662,9972,142,140,167,20083
서울특별시,강동구,강일동,26659,17700,9321,7821,149,113,137,17541
서울특별시,강동구,상일제1동,28204,19454,8296,10612,177,119,131,19335
서울특별시,강동구,상일제2동,9875,6534,3529,2756,58,52,74,6469
서울특별시,강동구,명일제1동,19627,12986,5176,7413,108,98,106,12901
서울특별시,강동구,명일제2동,13031,8947,3460,5248,75,55,53,8891
서울특별시,강동구,고덕제1동,16958,11635,5236,6116,75,66,84,11577
서울특별시,강동구,고덕제2동,19120,12535,5142,7089,83,64,80,12458
서울특별시,강동구,암사제1동,26455,15174,7319,7330,120,104,134,15007
서울특별시,강동구,암사제2동,12871,8925,4083,4543,83,70,75,8854
서울특별시,강동구,암사제3동,13679,9718,4218,5215,80,62,71,9646
서울특별시,강동구,천호제1동,20881,11829,5692,5715,98,74,96,11675
서울특별시,강동구,천호제2동,30201,17325,8061,8640,154,110,155,17120
서울특별시,강동구,천호제3동,23192,12848,5748,6637,121,99,111,12716
서울특별시,강동구,성내제1동,15521,9910,4640,4949,79,78,74,9820
서울특별시,강동구,성내제2동,20922,12130,5711,5922,138,104,119,11994
서울특별시,강동구,성내제3동,18729,11353,5560,5408,100,67,95,11230
서울특별시,강동구,길동,40064,22943,10575,11604,186,154,171,22690
서울특별시,강동구,둔촌제1동,25205,18521,6366,11748,126,77,112,18429
서울특별시,강동구,둔촌제2동,20506,13210,5852,6941,114,73,118,13098
