자치구,행정동,기준_법정동,표본수_추정,매매_㎡당_중위만원_가중,유효투표수,정원오_양자%,오세훈_양자%,우세후보,평당_만원
강남구,개포1동,개포동,506.0,3389.0,13962,28.1,71.9,오세훈,11202.0
강남구,개포2동,개포동+일원동,456.0,3320.0,18018,27.9,72.1,오세훈,10974.0
강남구,개포3동,일원동+개포동,284.0,3035.0,8565,35.4,64.6,오세훈,10034.0
강남구,개포4동,개포동,458.0,3389.0,11276,38.3,61.7,오세훈,11202.0
강남구,논현1동,논현동,205.0,2173.0,7786,37.7,62.3,오세훈,7185.0
강남구,논현2동,논현동,238.0,2173.0,8261,30.5,69.5,오세훈,7185.0
강남구,대치1동,대치동,265.0,3242.0,11111,19.1,80.9,오세훈,10717.0
강남구,대치2동,대치동,664.0,3242.0,17806,23.4,76.6,오세훈,10717.0
강남구,대치4동,대치동,233.0,3242.0,7661,39.8,60.2,오세훈,10717.0
강남구,도곡1동,도곡동,657.0,2643.0,10485,31.5,68.5,오세훈,8736.0
강남구,도곡2동,도곡동,662.0,2643.0,14779,19.5,80.5,오세훈,8736.0
강남구,삼성1동,삼성동,436.0,3064.0,6220,24.8,75.2,오세훈,10127.0
강남구,삼성2동,삼성동,290.0,3064.0,13974,29.9,70.1,오세훈,10127.0
강남구,세곡동,자곡동+세곡동,672.0,1931.0,22044,45.5,54.5,오세훈,6382.0
강남구,수서동,수서동,451.0,2545.0,7945,39.4,60.6,오세훈,8414.0
강남구,신사동,압구정동+신사동,313.0,4221.0,7568,21.6,78.4,오세훈,13954.0
강남구,압구정동,압구정동+신사동,457.0,4282.0,12688,14.0,86.0,오세훈,14154.0
강남구,역삼1동,역삼동,736.0,2880.0,12714,39.2,60.8,오세훈,9520.0
강남구,역삼2동,역삼동,351.0,2880.0,15904,32.9,67.1,오세훈,9520.0
강남구,일원1동,일원동+수서동,236.0,2664.0,6828,41.4,58.6,오세훈,8808.0
강남구,일원본동,일원동+수서동,617.0,2636.0,11488,35.0,65.0,오세훈,8714.0
강남구,청담동,청담동,552.0,2530.0,11999,23.0,77.0,오세훈,8363.0
강동구,강일동,강일동,404.0,1327.0,17541,54.4,45.6,정원오,4386.0
강동구,고덕제1동,고덕동,667.0,2056.0,11577,46.1,53.9,오세훈,6795.0
강동구,고덕제2동,고덕동+강일동,1024.0,2016.0,12458,42.0,58.0,오세훈,6663.0
강동구,길동,길동,1139.0,1075.0,22690,47.7,52.3,오세훈,3554.0
강동구,둔촌제1동,둔촌동,283.0,1401.0,18429,35.1,64.9,오세훈,4632.0
강동구,둔촌제2동,둔촌동,490.0,1401.0,13098,45.7,54.3,오세훈,4632.0
강동구,명일제1동,명일동,538.0,1737.0,12901,41.1,58.9,오세훈,5742.0
강동구,명일제2동,명일동,777.0,1737.0,8891,39.7,60.3,오세훈,5742.0
강동구,상일제1동,상일동,1071.0,1918.0,19335,43.9,56.1,오세훈,6342.0
강동구,상일제2동,상일동+강일동,530.0,1860.0,6469,56.1,43.9,정원오,6150.0
강동구,성내제1동,성내동,288.0,1236.0,9820,48.4,51.6,오세훈,4084.0
강동구,성내제2동,성내동,272.0,1236.0,11994,49.1,50.9,오세훈,4084.0
강동구,성내제3동,성내동,282.0,1236.0,11230,50.7,49.3,정원오,4084.0
강동구,암사제1동,암사동,246.0,1565.0,15007,50.0,50.0,오세훈,5174.0
강동구,암사제2동,암사동,724.0,1565.0,8854,47.3,52.7,오세훈,5174.0
강동구,암사제3동,암사동,598.0,1565.0,9646,44.7,55.3,오세훈,5174.0
강동구,천호제1동,천호동,271.0,1163.0,11675,49.9,50.1,오세훈,3845.0
강동구,천호제2동,천호동,707.0,1163.0,17120,48.3,51.7,오세훈,3845.0
강동구,천호제3동,천호동,207.0,1163.0,12716,46.4,53.6,오세훈,3845.0
강북구,미아동,미아동,424.0,952.0,10336,56.1,43.9,정원오,3147.0
강북구,번1동,번동,126.0,835.0,7839,54.7,45.3,정원오,2759.0
강북구,번2동,번동,207.0,835.0,6961,53.6,46.4,정원오,2759.0
강북구,번3동,번동,225.0,835.0,7929,52.4,47.6,정원오,2759.0
강북구,삼각산동,미아동,302.0,952.0,15024,54.8,45.2,정원오,3147.0
강북구,삼양동,미아동,474.0,952.0,11358,54.9,45.1,정원오,3147.0
강북구,송중동,미아동,539.0,952.0,12236,51.7,48.3,정원오,3147.0
강북구,송천동,미아동,480.0,952.0,11229,54.1,45.9,정원오,3147.0
강북구,수유1동,수유동,99.0,733.0,8935,56.7,43.3,정원오,2422.0
강북구,수유2동,수유동,35.0,733.0,9954,51.9,48.1,정원오,2422.0
강북구,수유3동,수유동,43.0,733.0,9303,51.8,48.2,정원오,2422.0
강북구,우이동,수유동+우이동,160.0,680.0,9331,54.6,45.4,정원오,2248.0
강북구,인수동,수유동,167.0,733.0,12583,54.5,45.5,정원오,2422.0
강서구,가양제1동,마곡동+가양동,1870.0,1539.0,15094,46.1,53.9,오세훈,5087.0
강서구,가양제2동,가양동,276.0,1473.0,7841,48.8,51.2,오세훈,4869.0
강서구,가양제3동,가양동,231.0,1473.0,7911,49.0,51.0,오세훈,4869.0
강서구,공항동,공항동,108.0,1247.0,12943,53.1,46.9,정원오,4121.0
강서구,등촌제1동,등촌동,441.0,1190.0,12184,50.5,49.5,정원오,3934.0
강서구,등촌제2동,등촌동,591.0,1190.0,9643,48.1,51.9,오세훈,3934.0
강서구,등촌제3동,등촌동,693.0,1190.0,15418,49.3,50.7,오세훈,3934.0
강서구,발산제1동,내발산동,642.0,1321.0,17406,57.5,42.5,정원오,4366.0
강서구,방화제1동,방화동+마곡동,403.0,1129.0,20129,50.9,49.1,정원오,3733.0
강서구,방화제2동,방화동,377.0,1002.0,11330,49.6,50.4,오세훈,3312.0
강서구,방화제3동,방화동,716.0,1002.0,11487,49.5,50.5,오세훈,3312.0
강서구,염창동,염창동,1461.0,1202.0,20842,51.3,48.7,정원오,3974.0
강서구,우장산동,내발산동+화곡동,530.0,1191.0,19571,48.3,51.7,오세훈,3936.0
강서구,화곡본동,화곡동,308.0,1007.0,13067,56.3,43.7,정원오,3329.0
강서구,화곡제1동,화곡동,373.0,1007.0,20060,53.7,46.3,정원오,3329.0
강서구,화곡제2동,화곡동,144.0,1007.0,7323,56.7,43.3,정원오,3329.0
강서구,화곡제3동,화곡동,162.0,1007.0,10686,47.6,52.4,오세훈,3329.0
강서구,화곡제4동,화곡동,267.0,1007.0,8878,56.3,43.7,정원오,3329.0
강서구,화곡제6동,화곡동,324.0,1007.0,12544,51.3,48.7,정원오,3329.0
강서구,화곡제8동,화곡동,181.0,1007.0,11500,59.1,40.9,정원오,3329.0
관악구,낙성대동,봉천동,995.0,1158.0,8230,49.3,50.7,오세훈,3828.0
관악구,난곡동,신림동,97.0,865.0,11062,56.2,43.8,정원오,2860.0
관악구,난향동,신림동,73.0,865.0,7327,55.8,44.2,정원오,2860.0
관악구,남현동,남현동+봉천동,345.0,1039.0,8827,49.4,50.6,오세훈,3436.0
관악구,대학동,신림동,795.0,865.0,11168,50.7,49.3,정원오,2860.0
관악구,미성동,신림동,126.0,865.0,13735,51.3,48.7,정원오,2860.0
관악구,보라매동,봉천동,332.0,1158.0,10935,53.1,46.9,정원오,3828.0
관악구,삼성동,신림동,246.0,865.0,10737,54.3,45.7,정원오,2860.0
관악구,서림동,신림동,71.0,865.0,9542,48.3,51.7,오세훈,2860.0
관악구,서원동,신림동,60.0,865.0,9652,50.7,49.3,정원오,2860.0
관악구,성현동,봉천동,300.0,1158.0,15058,52.4,47.6,정원오,3828.0
관악구,신림동,신림동,48.0,865.0,9190,50.4,49.6,정원오,2860.0
관악구,신사동,신림동,58.0,865.0,10321,53.3,46.7,정원오,2860.0
관악구,신원동,신림동,55.0,865.0,8088,52.0,48.0,정원오,2860.0
관악구,은천동,봉천동,327.0,1158.0,15606,54.6,45.4,정원오,3828.0
관악구,인헌동,봉천동,310.0,1158.0,13754,54.3,45.7,정원오,3828.0
관악구,조원동,신림동,61.0,865.0,9416,52.0,48.0,정원오,2860.0
관악구,중앙동,봉천동,169.0,1158.0,7419,53.8,46.2,정원오,3828.0
관악구,청룡동,봉천동,532.0,1158.0,16743,50.4,49.6,정원오,3828.0
관악구,청림동,봉천동,133.0,1158.0,7940,52.0,48.0,정원오,3828.0
관악구,행운동,봉천동,318.0,1158.0,13630,51.4,48.6,정원오,3828.0
광진구,광장동,광장동,1146.0,1857.0,16461,43.3,56.7,오세훈,6138.0
광진구,구의제1동,구의동,167.0,1767.0,11644,50.6,49.4,정원오,5840.0
광진구,구의제2동,구의동,394.0,1767.0,12446,52.1,47.9,정원오,5840.0
광진구,구의제3동,구의동,310.0,1767.0,15323,44.0,56.0,오세훈,5840.0
광진구,군자동,군자동,88.0,1137.0,8787,51.2,48.8,정원오,3757.0
광진구,능동,능동,2.0,891.0,5670,51.6,48.4,정원오,2944.0
광진구,자양제1동,자양동,187.0,1667.0,11412,51.3,48.7,정원오,5510.0
광진구,자양제2동,자양동,524.0,1667.0,12373,45.4,54.6,오세훈,5510.0
광진구,자양제3동,자양동,379.0,1667.0,14507,42.5,57.5,오세훈,5510.0
광진구,자양제4동,자양동,383.0,1667.0,10649,45.9,54.1,오세훈,5510.0
광진구,중곡제1동,중곡동,29.0,892.0,7463,52.8,47.2,정원오,2950.0
광진구,중곡제2동,중곡동,27.0,892.0,9943,53.4,46.6,정원오,2950.0
광진구,중곡제3동,중곡동,29.0,892.0,7688,52.4,47.6,정원오,2950.0
광진구,중곡제4동,중곡동,111.0,892.0,14193,52.9,47.1,정원오,2950.0
광진구,화양동,화양동,236.0,1176.0,9948,46.2,53.8,오세훈,3888.0
구로구,가리봉동,가리봉동,13.0,601.0,3567,52.9,47.1,정원오,1987.0
구로구,개봉제1동,개봉동,666.0,938.0,16354,51.1,48.9,정원오,3101.0
구로구,개봉제2동,개봉동,467.0,938.0,16257,50.9,49.1,정원오,3101.0
구로구,개봉제3동,개봉동,475.0,938.0,9117,52.8,47.2,정원오,3101.0
구로구,고척제1동,고척동,510.0,868.0,13950,51.7,48.3,정원오,2869.0
구로구,고척제2동,고척동,451.0,868.0,12287,52.0,48.0,정원오,2869.0
구로구,구로제1동,구로동,574.0,941.0,10725,52.5,47.5,정원오,3110.0
구로구,구로제2동,구로동,923.0,941.0,9619,53.2,46.8,정원오,3110.0
구로구,구로제3동,구로동,575.0,941.0,11114,57.5,42.5,정원오,3110.0
구로구,구로제4동,구로동,290.0,941.0,8105,54.1,45.9,정원오,3110.0
구로구,구로제5동,구로동,549.0,941.0,14257,51.7,48.3,정원오,3110.0
구로구,수궁동,온수동+궁동,140.0,887.0,11383,46.4,53.6,오세훈,2933.0
구로구,신도림동,신도림동,1149.0,1380.0,19004,47.8,52.2,오세훈,4561.0
구로구,오류제1동,오류동,171.0,750.0,11695,50.8,49.2,정원오,2479.0
구로구,오류제2동,오류동+천왕동,510.0,788.0,17399,52.8,47.2,정원오,2606.0
구로구,항동,항동,357.0,995.0,8184,59.1,40.9,정원오,3290.0
금천구,가산동,가산동,217.0,836.0,11486,54.0,46.0,정원오,2765.0
금천구,독산제1동,독산동,533.0,930.0,21468,51.2,48.8,정원오,3075.0
금천구,독산제2동,독산동,167.0,930.0,7444,54.3,45.7,정원오,3075.0
금천구,독산제3동,독산동,255.0,930.0,10817,55.1,44.9,정원오,3075.0
금천구,독산제4동,독산동,173.0,930.0,6921,56.5,43.5,정원오,3075.0
금천구,시흥제1동,시흥동,258.0,716.0,14273,52.0,48.0,정원오,2368.0
금천구,시흥제2동,시흥동,207.0,716.0,10402,53.8,46.2,정원오,2368.0
금천구,시흥제3동,시흥동,237.0,716.0,5428,53.4,46.6,정원오,2368.0
금천구,시흥제4동,시흥동,137.0,716.0,9028,53.7,46.3,정원오,2368.0
금천구,시흥제5동,시흥동,255.0,716.0,8582,53.4,46.6,정원오,2368.0
노원구,공릉1동,공릉동,313.0,928.0,18115,53.5,46.5,정원오,3068.0
노원구,공릉2동,공릉동,1841.0,928.0,20255,51.7,48.3,정원오,3068.0
노원구,상계10동,상계동,288.0,948.0,9485,48.6,51.4,오세훈,3134.0
노원구,상계1동,상계동,1748.0,948.0,18059,52.6,47.4,정원오,3134.0
노원구,상계2동,상계동,208.0,948.0,9466,50.7,49.3,정원오,3134.0
노원구,상계3·4동,상계동,1999.0,948.0,12509,51.4,48.6,정원오,3134.0
노원구,상계5동,상계동,175.0,948.0,11108,52.0,48.0,정원오,3134.0
노원구,상계6·7동,상계동,501.0,948.0,15395,49.3,50.7,오세훈,3134.0
노원구,상계8동,상계동,234.0,948.0,10880,52.7,47.3,정원오,3134.0
노원구,상계9동,상계동,298.0,948.0,10191,50.3,49.7,정원오,3134.0
노원구,월계1동,월계동,648.0,1026.0,10806,50.5,49.5,정원오,3391.0
노원구,월계2동,월계동,1091.0,1026.0,12233,51.6,48.4,정원오,3391.0
노원구,월계3동,월계동,625.0,1026.0,14070,47.4,52.6,오세훈,3391.0
노원구,중계1동,중계동,367.0,1021.0,11756,54.3,45.7,정원오,3375.0
노원구,중계2·3동,중계동,541.0,1021.0,16571,53.6,46.4,정원오,3375.0
노원구,중계4동,중계동,845.0,1021.0,9418,53.9,46.1,정원오,3375.0
노원구,중계본동,중계동,1223.0,1021.0,10165,53.5,46.5,정원오,3375.0
노원구,하계1동,하계동,1038.0,1012.0,12285,50.2,49.8,정원오,3344.0
노원구,하계2동,하계동,354.0,1012.0,10724,53.2,46.8,정원오,3344.0
도봉구,도봉1동,도봉동,636.0,687.0,10608,52.0,48.0,정원오,2272.0
도봉구,도봉2동,도봉동,85.0,687.0,12913,50.4,49.6,정원오,2272.0
도봉구,방학1동,방학동,268.0,643.0,12590,50.1,49.9,정원오,2125.0
도봉구,방학2동,방학동,283.0,643.0,8415,54.5,45.5,정원오,2125.0
도봉구,방학3동,방학동,474.0,643.0,13645,52.9,47.1,정원오,2125.0
도봉구,쌍문1동,쌍문동,424.0,657.0,9495,53.4,46.6,정원오,2171.0
도봉구,쌍문2동,쌍문동,194.0,657.0,8592,53.6,46.4,정원오,2171.0
도봉구,쌍문3동,쌍문동,183.0,657.0,7958,54.1,45.9,정원오,2171.0
도봉구,쌍문4동,쌍문동,209.0,657.0,8934,50.4,49.6,정원오,2171.0
도봉구,창1동,창동,633.0,969.0,11432,50.7,49.3,정원오,3204.0
도봉구,창2동,창동,395.0,969.0,13578,54.1,45.9,정원오,3204.0
도봉구,창3동,창동,365.0,969.0,5861,54.8,45.2,정원오,3204.0
도봉구,창4동,창동,639.0,969.0,14323,48.8,51.2,오세훈,3204.0
도봉구,창5동,창동,403.0,969.0,12588,47.8,52.2,오세훈,3204.0
동대문구,답십리제1동,답십리동,1035.0,1296.0,13846,50.6,49.4,정원오,4286.0
동대문구,답십리제2동,답십리동,1099.0,1296.0,14135,51.2,48.8,정원오,4286.0
동대문구,신설동,용두동+신설동,396.0,1399.0,7071,48.9,51.1,오세훈,4624.0
동대문구,용두동,용두동,486.0,1412.0,11544,50.0,50.0,오세훈,4669.0
동대문구,이문제1동,이문동,444.0,1059.0,14762,43.9,56.1,오세훈,3501.0
동대문구,이문제2동,이문동,344.0,1059.0,9938,51.9,48.1,정원오,3501.0
동대문구,장안제1동,장안동,846.0,1035.0,18930,54.0,46.0,정원오,3423.0
동대문구,장안제2동,장안동,627.0,1035.0,15876,52.8,47.2,정원오,3423.0
동대문구,전농제1동,전농동,639.0,1329.0,15667,48.5,51.5,오세훈,4392.0
동대문구,전농제2동,전농동+휘경동,563.0,1313.0,9582,51.5,48.5,정원오,4340.0
동대문구,제기동,제기동,349.0,1062.0,10998,47.9,52.1,오세훈,3510.0
동대문구,청량리동,청량리동,297.0,993.0,9284,45.2,54.8,오세훈,3281.0
동대문구,회기동,회기동+청량리동,193.0,1026.0,5512,48.6,51.4,오세훈,3391.0
동대문구,휘경제1동,휘경동,242.0,1087.0,8075,46.4,53.6,오세훈,3594.0
동대문구,휘경제2동,휘경동,533.0,1087.0,10902,48.2,51.8,오세훈,3594.0
동작구,노량진제1동,본동+노량진동,697.0,1431.0,15459,41.1,58.9,오세훈,4732.0
동작구,노량진제2동,노량진동,243.0,1329.0,4304,49.6,50.4,오세훈,4393.0
동작구,대방동,대방동,643.0,1518.0,15575,48.2,51.8,오세훈,5019.0
동작구,사당제1동,사당동,413.0,1484.0,10342,48.7,51.3,오세훈,4904.0
동작구,사당제2동,사당동+동작동,620.0,1548.0,15090,43.7,56.3,오세훈,5119.0
동작구,사당제3동,사당동,584.0,1484.0,11566,43.2,56.8,오세훈,4904.0
동작구,사당제4동,사당동,280.0,1484.0,7187,51.7,48.3,정원오,4904.0
동작구,사당제5동,사당동,431.0,1484.0,7480,49.1,50.9,오세훈,4904.0
동작구,상도제1동,상도동+상도1동,707.0,1562.0,22402,45.1,54.9,오세훈,5164.0
동작구,상도제2동,상도동,468.0,1584.0,13285,45.6,54.4,오세훈,5235.0
동작구,상도제3동,상도동,390.0,1584.0,12677,53.2,46.8,정원오,5235.0
동작구,상도제4동,상도동,594.0,1584.0,13175,50.1,49.9,정원오,5235.0
동작구,신대방제1동,신대방동,415.0,1260.0,11437,48.5,51.5,오세훈,4165.0
동작구,신대방제2동,신대방동,622.0,1260.0,10714,48.4,51.6,오세훈,4165.0
동작구,흑석동,흑석동,942.0,2025.0,15220,39.9,60.1,오세훈,6694.0
마포구,공덕동,신공덕동+공덕동,1328.0,1996.0,16618,46.3,53.7,오세훈,6599.0
마포구,대흥동,대흥동+신수동,542.0,1885.0,6616,45.8,54.2,오세훈,6231.0
마포구,도화동,도화동+마포동,659.0,1515.0,11306,43.6,56.4,오세훈,5010.0
마포구,망원1동,망원동+합정동,251.0,1133.0,9502,53.6,46.4,정원오,3747.0
마포구,망원2동,망원동+성산동,154.0,1195.0,9131,56.3,43.7,정원오,3949.0
마포구,상암동,상암동,579.0,1430.0,14529,57.2,42.8,정원오,4728.0
마포구,서강동,창전동+상수동,627.0,1688.0,12243,47.2,52.8,오세훈,5579.0
마포구,서교동,서교동+동교동,176.0,1183.0,9910,49.4,50.6,오세훈,3911.0
마포구,성산1동,성산동,226.0,1816.0,8322,56.2,43.8,정원오,6005.0
마포구,성산2동,성산동+중동,652.0,1592.0,18784,51.7,48.3,정원오,5263.0
마포구,신수동,신수동+현석동,617.0,1893.0,10892,46.0,54.0,오세훈,6256.0
마포구,아현동,아현동+공덕동,822.0,2253.0,13811,42.1,57.9,오세훈,7449.0
마포구,연남동,연남동,76.0,1253.0,7203,52.4,47.6,정원오,4142.0
마포구,염리동,염리동+대흥동,586.0,2197.0,8322,47.2,52.8,오세훈,7263.0
마포구,용강동,용강동+도화동,615.0,1998.0,11124,45.1,54.9,오세훈,6606.0
마포구,합정동,합정동,87.0,1439.0,8058,52.3,47.7,정원오,4756.0
서대문구,남가좌제1동,남가좌동,525.0,1471.0,10445,53.2,46.8,정원오,4863.0
서대문구,남가좌제2동,남가좌동,962.0,1471.0,12912,50.1,49.9,정원오,4863.0
서대문구,북가좌제1동,북가좌동,279.0,1224.0,9971,52.8,47.2,정원오,4047.0
서대문구,북가좌제2동,북가좌동,428.0,1224.0,14329,54.6,45.4,정원오,4047.0
서대문구,북아현동,북아현동,387.0,1885.0,8353,48.6,51.4,오세훈,6231.0
서대문구,신촌동,대현동+창천동,272.0,1302.0,8201,43.7,56.3,오세훈,4305.0
서대문구,연희동,연희동,352.0,1100.0,15248,47.4,52.6,오세훈,3635.0
서대문구,천연동,천연동+현저동,575.0,1406.0,9125,49.9,50.1,오세훈,4649.0
서대문구,충현동,북아현동+충정로3가,609.0,1791.0,8779,47.3,52.7,오세훈,5922.0
서대문구,홍은제1동,홍은동,398.0,960.0,12559,54.1,45.9,정원오,3174.0
서대문구,홍은제2동,홍은동,549.0,960.0,12060,51.9,48.1,정원오,3174.0
서대문구,홍제제1동,홍제동+현저동,707.0,1112.0,12002,49.5,50.5,오세훈,3676.0
서대문구,홍제제2동,홍제동,367.0,1097.0,7384,50.0,50.0,정원오,3627.0
서대문구,홍제제3동,홍제동,550.0,1097.0,8883,52.4,47.6,정원오,3627.0
서초구,내곡동,내곡동+신원동,223.0,1909.0,8768,40.3,59.7,오세훈,6312.0
서초구,반포1동,반포동,340.0,4042.0,14893,28.5,71.5,오세훈,13360.0
서초구,반포2동,반포동,415.0,4042.0,13598,20.9,79.1,오세훈,13360.0
서초구,반포3동,잠원동+반포동,616.0,3387.0,12226,24.0,76.0,오세훈,11197.0
서초구,반포4동,반포동,486.0,4042.0,8539,27.6,72.4,오세훈,13360.0
서초구,반포본동,반포동,358.0,4042.0,141,36.2,63.8,오세훈,13360.0
서초구,방배1동,방배동,146.0,1936.0,8525,35.9,64.1,오세훈,6400.0
서초구,방배2동,방배동,399.0,1936.0,9519,40.2,59.8,오세훈,6400.0
서초구,방배3동,방배동,505.0,1936.0,8133,30.9,69.1,오세훈,6400.0
서초구,방배4동,방배동,197.0,1936.0,12994,36.6,63.4,오세훈,6400.0
서초구,방배본동,방배동,138.0,1936.0,10415,32.4,67.6,오세훈,6400.0
서초구,서초1동,서초동,510.0,2212.0,9952,33.7,66.3,오세훈,7312.0
서초구,서초2동,서초동,460.0,2212.0,12111,29.5,70.5,오세훈,7312.0
서초구,서초3동,서초동,1073.0,2212.0,15703,33.9,66.1,오세훈,7312.0
서초구,서초4동,서초동,318.0,2212.0,14351,22.5,77.5,오세훈,7312.0
서초구,양재1동,우면동+양재동,555.0,1762.0,19908,41.4,58.6,오세훈,5823.0
서초구,양재2동,양재동,111.0,1568.0,10826,47.6,52.4,오세훈,5184.0
서초구,잠원동,잠원동,808.0,3336.0,17448,25.1,74.9,오세훈,11027.0
성동구,금호1가동,금호동1가,405.0,1837.0,7173,51.7,48.3,정원오,6072.0
성동구,금호2·3가동,금호동2가+금호동3가,896.0,1890.0,10646,51.4,48.6,정원오,6246.0
성동구,금호4가동,금호동4가,575.0,2087.0,7710,49.9,50.1,오세훈,6899.0
성동구,마장동,마장동,480.0,1394.0,11443,55.3,44.7,정원오,4607.0
성동구,사근동,행당동+사근동,456.0,1688.0,5431,49.1,50.9,오세훈,5581.0
성동구,성수1가제1동,성수동1가,491.0,2321.0,7268,43.2,56.8,오세훈,7673.0
성동구,성수1가제2동,성수동1가,236.0,2321.0,8496,49.0,51.0,오세훈,7673.0
성동구,성수2가제1동,성수동2가,175.0,1874.0,7090,47.4,52.6,오세훈,6194.0
성동구,성수2가제3동,성수동2가,163.0,1874.0,5283,48.2,51.8,오세훈,6194.0
성동구,송정동,송정동,51.0,1201.0,4532,56.3,43.7,정원오,3970.0
성동구,옥수동,옥수동,1215.0,2232.0,13317,41.3,58.7,오세훈,7378.0
성동구,왕십리도선동,하왕십리동+상왕십리동,820.0,1756.0,12958,50.8,49.2,정원오,5803.0
성동구,왕십리제2동,하왕십리동,802.0,1804.0,8816,57.8,42.2,정원오,5963.0
성동구,용답동,송정동+용답동,116.0,1348.0,6411,56.3,43.7,정원오,4456.0
성동구,응봉동,응봉동,516.0,1651.0,7460,53.0,47.0,정원오,5456.0
성동구,행당제1동,행당동,513.0,1766.0,8385,49.8,50.2,오세훈,5836.0
성동구,행당제2동,행당동,421.0,1766.0,12044,52.5,47.5,정원오,5836.0
성북구,길음제1동,길음동+정릉동,1451.0,1287.0,17101,52.6,47.4,정원오,4254.0
성북구,길음제2동,길음동+하월곡동,983.0,1253.0,10717,50.5,49.5,정원오,4144.0
성북구,돈암제1동,돈암동,589.0,978.0,7270,50.4,49.6,정원오,3233.0
성북구,돈암제2동,돈암동+정릉동,665.0,977.0,11172,50.2,49.8,정원오,3230.0
성북구,동선동,돈암동+동소문동7가,293.0,1057.0,6644,53.8,46.2,정원오,3495.0
성북구,보문동,보문동6가+보문동3가,421.0,1442.0,7041,50.9,49.1,정원오,4766.0
성북구,삼선동,삼선동2가+삼선동3가,307.0,1145.0,12106,55.5,44.5,정원오,3784.0
성북구,석관동,석관동,600.0,1126.0,15480,50.4,49.6,정원오,3724.0
성북구,성북동,성북동,3.0,587.0,8003,53.2,46.8,정원오,1940.0
성북구,안암동,안암동1가+안암동3가,158.0,965.0,7784,49.7,50.3,오세훈,3191.0
성북구,월곡제1동,하월곡동,461.0,1044.0,12433,56.1,43.9,정원오,3451.0
성북구,월곡제2동,하월곡동+상월곡동,718.0,1011.0,9200,52.7,47.3,정원오,3342.0
성북구,장위제1동,장위동,305.0,1307.0,10525,52.8,47.2,정원오,4320.0
성북구,장위제2동,장위동,289.0,1307.0,6910,46.8,53.2,오세훈,4320.0
성북구,장위제3동,장위동,301.0,1307.0,9322,47.4,52.6,오세훈,4320.0
성북구,정릉제1동,정릉동,73.0,877.0,8839,52.9,47.1,정원오,2898.0
성북구,정릉제2동,정릉동,214.0,877.0,10135,52.0,48.0,정원오,2898.0
성북구,정릉제3동,정릉동,591.0,877.0,5791,47.2,52.8,오세훈,2898.0
성북구,정릉제4동,정릉동,698.0,877.0,11723,52.8,47.2,정원오,2898.0
성북구,종암동,종암동,780.0,1174.0,18777,52.5,47.5,정원오,3880.0
송파구,가락1동,가락동,956.0,2114.0,14080,34.5,65.5,오세훈,6989.0
송파구,가락2동,가락동,666.0,2114.0,13812,45.6,54.4,오세훈,6989.0
송파구,가락본동,가락동,706.0,2114.0,11724,42.4,57.6,오세훈,6989.0
송파구,거여1동,거여동,205.0,1591.0,5985,48.1,51.9,오세훈,5259.0
송파구,거여2동,거여동,212.0,1591.0,11969,46.6,53.4,오세훈,5259.0
송파구,마천1동,마천동,72.0,1174.0,7607,50.9,49.1,정원오,3881.0
송파구,마천2동,마천동,133.0,1174.0,9079,51.7,48.3,정원오,3881.0
송파구,문정1동,문정동,362.0,1703.0,9978,43.2,56.8,오세훈,5630.0
송파구,문정2동,문정동+장지동,1032.0,1732.0,14453,32.3,67.7,오세훈,5726.0
송파구,방이1동,방이동,106.0,2127.0,7861,44.9,55.1,오세훈,7031.0
송파구,방이2동,방이동,138.0,2127.0,12207,46.3,53.7,오세훈,7031.0
송파구,삼전동,삼전동,37.0,1293.0,13540,50.4,49.6,정원오,4273.0
송파구,석촌동,석촌동,117.0,1674.0,14034,49.3,50.7,오세훈,5533.0
송파구,송파1동,송파동,382.0,1864.0,11621,46.4,53.6,오세훈,6161.0
송파구,송파2동,송파동,331.0,1864.0,10066,39.3,60.7,오세훈,6161.0
송파구,오금동,오금동,698.0,1580.0,18503,43.8,56.2,오세훈,5223.0
송파구,오륜동,방이동,556.0,2127.0,9438,27.2,72.8,오세훈,7031.0
송파구,위례동,거여동+장지동,956.0,1698.0,20083,49.2,50.8,오세훈,5615.0
송파구,잠실2동,잠실동+신천동,1139.0,3163.0,17046,33.9,66.1,오세훈,10457.0
송파구,잠실3동,잠실동+신천동,668.0,3216.0,16922,26.6,73.4,오세훈,10631.0
송파구,잠실4동,신천동,253.0,2642.0,16663,31.9,68.1,오세훈,8733.0
송파구,잠실6동,신천동,422.0,2642.0,8892,29.3,70.7,오세훈,8733.0
송파구,잠실7동,잠실동,310.0,3260.0,1590,43.6,56.4,오세훈,10777.0
송파구,잠실본동,잠실동,471.0,3260.0,12685,45.1,54.9,오세훈,10777.0
송파구,장지동,장지동+문정동,525.0,1765.0,15905,48.2,51.8,오세훈,5835.0
송파구,풍납1동,풍납동+신천동,362.0,1561.0,5888,49.1,50.9,오세훈,5162.0
송파구,풍납2동,풍납동+신천동,665.0,1812.0,11857,45.1,54.9,오세훈,5991.0
양천구,목1동,목동,699.0,1926.0,13696,39.0,61.0,오세훈,6366.0
양천구,목2동,목동,514.0,1926.0,14249,51.4,48.6,정원오,6366.0
양천구,목3동,목동,241.0,1926.0,10099,48.9,51.1,오세훈,6366.0
양천구,목4동,목동,275.0,1926.0,11857,52.2,47.8,정원오,6366.0
양천구,목5동,목동,877.0,1926.0,19865,36.0,64.0,오세훈,6366.0
양천구,신월1동,신월동,246.0,1009.0,8910,53.9,46.1,정원오,3334.0
양천구,신월2동,신월동,240.0,1009.0,9693,51.7,48.3,정원오,3334.0
양천구,신월3동,신월동,361.0,1009.0,5857,53.1,46.9,정원오,3334.0
양천구,신월4동,신월동,179.0,1009.0,8690,56.2,43.8,정원오,3334.0
양천구,신월5동,신월동,251.0,1009.0,6717,54.9,45.1,정원오,3334.0
양천구,신월6동,신월동+신정동,190.0,1050.0,7873,51.9,48.1,정원오,3472.0
양천구,신월7동,신월동,462.0,1009.0,9183,52.2,47.8,정원오,3334.0
양천구,신정1동,신정동,377.0,1530.0,9370,39.9,60.1,오세훈,5057.0
양천구,신정2동,신정동,298.0,1530.0,10092,52.6,47.4,정원오,5057.0
양천구,신정3동,신정동+신월동,1339.0,1498.0,21605,50.3,49.7,정원오,4954.0
양천구,신정4동,신정동,505.0,1530.0,15150,52.5,47.5,정원오,5057.0
양천구,신정6동,신정동,451.0,1530.0,12525,37.9,62.1,오세훈,5057.0
양천구,신정7동,신정동,568.0,1530.0,13974,44.5,55.5,오세훈,5057.0
영등포구,당산제1동,당산동3가+당산동2가,557.0,1414.0,10542,46.5,53.5,오세훈,4675.0
영등포구,당산제2동,당산동4가+당산동5가,1267.0,1629.0,18164,42.3,57.7,오세훈,5384.0
영등포구,대림제1동,대림동,255.0,1056.0,6802,52.3,47.7,정원오,3491.0
영등포구,대림제2동,대림동,311.0,1056.0,5812,54.5,45.5,정원오,3491.0
영등포구,대림제3동,대림동,472.0,1056.0,10354,50.2,49.8,정원오,3491.0
영등포구,도림동,도림동,155.0,1314.0,8703,52.7,47.3,정원오,4344.0
영등포구,문래동,문래동3가+문래동6가,841.0,1290.0,15899,50.7,49.3,정원오,4265.0
영등포구,신길제1동,신길동,528.0,1610.0,8776,48.8,51.2,오세훈,5322.0
영등포구,신길제3동,신길동,323.0,1610.0,7956,46.9,53.1,오세훈,5322.0
영등포구,신길제4동,신길동,196.0,1610.0,5863,48.2,51.8,오세훈,5322.0
영등포구,신길제5동,신길동,352.0,1610.0,4810,49.6,50.4,오세훈,5322.0
영등포구,신길제6동,신길동,460.0,1610.0,9282,47.3,52.7,오세훈,5322.0
영등포구,신길제7동,신길동,371.0,1610.0,9201,42.9,57.1,오세훈,5322.0
영등포구,양평제1동,양평동3가+양평동2가,605.0,1314.0,9767,50.2,49.8,정원오,4344.0
영등포구,양평제2동,양평동5가+양평동3가,480.0,1323.0,11661,49.2,50.8,오세훈,4375.0
영등포구,여의동,여의도동,916.0,2338.0,17624,26.5,73.5,오세훈,7727.0
영등포구,영등포동,영등포동7가+영등포동8가,750.0,1582.0,13471,43.8,56.2,오세훈,5230.0
영등포구,영등포본동,영등포동+신길동,529.0,1542.0,10503,49.2,50.8,오세훈,5097.0
용산구,남영동,갈월동+동자동,37.0,1647.0,2919,46.9,53.1,오세훈,5443.0
용산구,보광동,보광동+주성동,64.0,2823.0,2875,42.5,57.5,오세훈,9332.0
용산구,서빙고동,서빙고동+동빙고동,101.0,2361.0,5525,29.0,71.0,오세훈,7805.0
용산구,용문동,도원동+용문동,158.0,1838.0,6222,47.1,52.9,오세훈,6077.0
용산구,용산2가동,용산동2가,8.0,1234.0,4111,50.4,49.6,정원오,4078.0
용산구,원효로제1동,문배동+원효로1가,292.0,1750.0,8712,42.2,57.8,오세훈,5786.0
용산구,원효로제2동,산천동+원효로4가,293.0,1853.0,6848,43.2,56.8,오세훈,6124.0
용산구,이촌제1동,이촌동,837.0,2557.0,13221,26.2,73.8,오세훈,8452.0
용산구,이촌제2동,이촌동,337.0,2557.0,4469,35.3,64.7,오세훈,8452.0
용산구,이태원제1동,이태원동,51.0,1981.0,2545,33.3,66.7,오세훈,6547.0
용산구,이태원제2동,이태원동,85.0,1981.0,3925,43.0,57.0,오세훈,6547.0
용산구,청파동,서계동+청파동3가,67.0,1700.0,8581,50.3,49.7,정원오,5618.0
용산구,한강로동,한강로3가+한강로2가,361.0,2337.0,10267,30.5,69.5,오세훈,7724.0
용산구,한남동,한남동,297.0,1986.0,5716,28.1,71.9,오세훈,6565.0
용산구,효창동,효창동,194.0,2184.0,5690,46.5,53.5,오세훈,7220.0
용산구,후암동,후암동,46.0,1359.0,7512,50.1,49.9,정원오,4492.0
은평구,갈현제1동,갈현동,114.0,744.0,6502,53.7,46.3,정원오,2461.0
은평구,갈현제2동,갈현동,126.0,744.0,12675,56.6,43.4,정원오,2461.0
은평구,구산동,구산동,229.0,697.0,13810,56.7,43.3,정원오,2305.0
은평구,녹번동,녹번동,679.0,1339.0,16521,52.4,47.6,정원오,4428.0
은평구,대조동,대조동,287.0,956.0,12326,52.9,47.1,정원오,3162.0
은평구,불광제1동,불광동,610.0,1170.0,16609,50.3,49.7,정원오,3869.0
은평구,불광제2동,불광동,258.0,1170.0,12369,53.4,46.6,정원오,3869.0
은평구,수색동,수색동,523.0,1436.0,11296,51.6,48.4,정원오,4749.0
은평구,신사제1동,신사동,228.0,724.0,12799,57.5,42.5,정원오,2392.0
은평구,신사제2동,신사동,288.0,724.0,8582,53.2,46.8,정원오,2392.0
은평구,역촌동,역촌동,151.0,748.0,20763,57.8,42.2,정원오,2474.0
은평구,응암제1동,응암동,928.0,1226.0,14907,54.7,45.3,정원오,4053.0
은평구,응암제2동,응암동,600.0,1226.0,12104,54.2,45.8,정원오,4053.0
은평구,응암제3동,응암동,588.0,1226.0,11138,57.1,42.9,정원오,4053.0
은평구,증산동,증산동,328.0,1211.0,7956,53.3,46.7,정원오,4003.0
은평구,진관동,진관동,1009.0,1056.0,27396,54.7,45.3,정원오,3489.0
종로구,가회동,,,,1888,54.6,45.4,정원오,
종로구,교남동,홍파동+평동,289.0,2534.0,5234,46.8,53.2,오세훈,8378.0
종로구,무악동,무악동,270.0,1532.0,4310,49.2,50.8,오세훈,5064.0
종로구,부암동,신영동+부암동,6.0,675.0,4397,51.7,48.3,정원오,2232.0
종로구,사직동,사직동+내수동,147.0,1523.0,4274,40.9,59.1,오세훈,5036.0
종로구,삼청동,,,,1042,45.8,54.2,오세훈,
종로구,숭인제1동,숭인동,87.0,885.0,2796,53.6,46.4,정원오,2925.0
종로구,숭인제2동,숭인동,118.0,885.0,4802,54.3,45.7,정원오,2925.0
종로구,이화동,연건동+동숭동,18.0,1037.0,3572,53.6,46.4,정원오,3427.0
종로구,종로1·2·3·4가동,,,,2814,44.4,55.6,오세훈,
종로구,종로5·6가동,효제동+충신동,30.0,883.0,2381,47.0,53.0,오세훈,2918.0
종로구,창신제1동,창신동+숭인동,115.0,996.0,2829,57.4,42.6,정원오,3293.0
종로구,창신제2동,창신동,89.0,1007.0,3682,56.4,43.6,정원오,3327.0
종로구,창신제3동,창신동,80.0,1007.0,3284,52.1,47.9,정원오,3327.0
종로구,청운효자동,청운동+옥인동,6.0,1296.0,5907,54.9,45.1,정원오,4285.0
종로구,평창동,평창동+구기동,98.0,991.0,8458,43.8,56.2,오세훈,3275.0
종로구,혜화동,명륜2가+명륜1가,73.0,1272.0,8246,51.4,48.6,정원오,4204.0
중구,광희동,인현동2가+충무로4가,142.0,1157.0,2495,38.6,61.4,오세훈,3824.0
중구,다산동,신당동,334.0,1532.0,6051,49.7,50.3,오세훈,5063.0
중구,동화동,신당동,217.0,1532.0,5429,48.8,51.2,오세훈,5063.0
중구,명동,남산동2가,1.0,1022.0,979,43.8,56.2,오세훈,3378.0
중구,소공동,순화동+정동,86.0,1649.0,1128,44.0,56.0,오세훈,5450.0
중구,신당동,신당동+흥인동,327.0,1406.0,3466,48.9,51.1,오세훈,4646.0
중구,신당제5동,신당동,197.0,1532.0,5136,52.8,47.2,정원오,5063.0
중구,약수동,신당동,300.0,1532.0,8688,45.8,54.2,오세훈,5063.0
중구,을지로동,입정동+을지로5가,75.0,1799.0,1651,42.1,57.9,오세훈,5947.0
중구,장충동,장충동1가+장충동2가,7.0,931.0,2207,46.6,53.4,오세훈,3077.0
중구,중림동,만리동2가+중림동,302.0,2024.0,6285,47.0,53.0,오세훈,6690.0
중구,청구동,신당동,210.0,1532.0,5985,45.1,54.9,오세훈,5063.0
중구,필동,예장동+장충동2가,4.0,766.0,2266,44.3,55.7,오세훈,2532.0
중구,황학동,황학동,426.0,1238.0,6506,49.2,50.8,오세훈,4092.0
중구,회현동,회현동1가+남창동,79.0,1393.0,2007,39.7,60.3,오세훈,4604.0
중랑구,망우본동,망우동,262.0,817.0,17593,51.4,48.6,정원오,2702.0
중랑구,망우제3동,망우동,87.0,817.0,7602,54.8,45.2,정원오,2702.0
중랑구,면목본동,면목동,199.0,963.0,14808,54.4,45.6,정원오,3185.0
중랑구,면목제2동,면목동,177.0,963.0,10191,54.0,46.0,정원오,3185.0
중랑구,면목제3·8동,면목동,336.0,963.0,10562,51.5,48.5,정원오,3185.0
중랑구,면목제4동,면목동,201.0,963.0,7761,53.7,46.3,정원오,3185.0
중랑구,면목제5동,면목동,142.0,963.0,6985,55.5,44.5,정원오,3185.0
중랑구,면목제7동,면목동,280.0,963.0,10789,54.2,45.8,정원오,3185.0
중랑구,묵제1동,묵동,450.0,909.0,15704,50.9,49.1,정원오,3004.0
중랑구,묵제2동,묵동+중화동,246.0,913.0,9434,54.1,45.9,정원오,3018.0
중랑구,상봉제1동,상봉동,415.0,940.0,10007,49.8,50.2,오세훈,3106.0
중랑구,상봉제2동,상봉동,329.0,940.0,9892,53.8,46.2,정원오,3106.0
중랑구,신내제1동,신내동,1130.0,848.0,17824,52.2,47.8,정원오,2802.0
중랑구,신내제2동,신내동,421.0,848.0,11821,53.3,46.7,정원오,2802.0
중랑구,중화제1동,중화동+상봉동,159.0,1008.0,8452,52.1,47.9,정원오,3333.0
중랑구,중화제2동,중화동,205.0,1021.0,12167,52.6,47.4,정원오,3374.0
