자치구,행정동,기준_법정동,표본수_추정,공시_㎡당_만원_가중,유효투표수,정원오_양자%,오세훈_양자%,우세후보,평당_만원
강남구,개포1동,개포동,6492.0,1839.0,13962,28.1,71.9,오세훈,6080.0
강남구,개포2동,개포동+일원동,6177.0,1800.0,18018,27.9,72.1,오세훈,5949.0
강남구,개포3동,일원동+대치동,5015.0,1763.0,8565,35.4,64.6,오세훈,5829.0
강남구,개포4동,개포동,5881.0,1839.0,11276,38.3,61.7,오세훈,6080.0
강남구,논현1동,논현동,6590.0,840.0,7786,37.7,62.3,오세훈,2775.0
강남구,논현2동,논현동,7637.0,840.0,8261,30.5,69.5,오세훈,2775.0
강남구,대치1동,대치동,5152.0,2075.0,11111,19.1,80.9,오세훈,6859.0
강남구,대치2동,대치동,12934.0,2075.0,17806,23.4,76.6,오세훈,6859.0
강남구,대치4동,대치동,4533.0,2075.0,7661,39.8,60.2,오세훈,6859.0
강남구,도곡1동,도곡동,8189.0,1635.0,10485,31.5,68.5,오세훈,5404.0
강남구,도곡2동,도곡동,8253.0,1635.0,14779,19.5,80.5,오세훈,5404.0
강남구,삼성1동,삼성동,8525.0,1435.0,6220,24.8,75.2,오세훈,4745.0
강남구,삼성2동,삼성동,5658.0,1435.0,13974,29.9,70.1,오세훈,4745.0
강남구,세곡동,자곡동+세곡동,13232.0,1085.0,22044,45.5,54.5,오세훈,3586.0
강남구,수서동,수서동,6002.0,1293.0,7945,39.4,60.6,오세훈,4274.0
강남구,신사동,압구정동+신사동,4945.0,2391.0,7568,21.6,78.4,오세훈,7906.0
강남구,압구정동,압구정동+신사동,7005.0,2488.0,12688,14.0,86.0,오세훈,8223.0
강남구,역삼1동,역삼동,15368.0,857.0,12714,39.2,60.8,오세훈,2834.0
강남구,역삼2동,역삼동,7327.0,857.0,15904,32.9,67.1,오세훈,2834.0
강남구,일원1동,일원동+수서동,4357.0,1527.0,6828,41.4,58.6,오세훈,5046.0
강남구,일원본동,일원동+수서동,10623.0,1484.0,11488,35.0,65.0,오세훈,4905.0
강남구,청담동,청담동,8087.0,1362.0,11999,23.0,77.0,오세훈,4503.0
강동구,강일동,강일동,10592.0,774.0,17541,54.4,45.6,정원오,2557.0
강동구,고덕제1동,고덕동,6000.0,1264.0,11577,46.1,53.9,오세훈,4180.0
강동구,고덕제2동,고덕동+강일동,10178.0,1193.0,12458,42.0,58.0,오세훈,3945.0
강동구,길동,길동,14296.0,532.0,22690,47.7,52.3,오세훈,1759.0
강동구,둔촌제1동,둔촌동,2828.0,680.0,18429,35.1,64.9,오세훈,2249.0
강동구,둔촌제2동,둔촌동,4893.0,680.0,13098,45.7,54.3,오세훈,2249.0
강동구,명일제1동,명일동,4835.0,926.0,12901,41.1,58.9,오세훈,3060.0
강동구,명일제2동,명일동,6985.0,926.0,8891,39.7,60.3,오세훈,3060.0
강동구,상일제1동,상일동,11714.0,1077.0,19335,43.9,56.1,오세훈,3559.0
강동구,상일제2동,상일동+강일동,6589.0,1014.0,6469,56.1,43.9,정원오,3352.0
강동구,성내제1동,성내동,6333.0,571.0,9820,48.4,51.6,오세훈,1886.0
강동구,성내제2동,성내동,5983.0,571.0,11994,49.1,50.9,오세훈,1886.0
강동구,성내제3동,성내동,6218.0,571.0,11230,50.7,49.3,정원오,1886.0
강동구,암사제1동,암사동,3052.0,738.0,15007,50.0,50.0,오세훈,2438.0
강동구,암사제2동,암사동,8981.0,738.0,8854,47.3,52.7,오세훈,2438.0
강동구,암사제3동,암사동,7425.0,738.0,9646,44.7,55.3,오세훈,2438.0
강동구,천호제1동,천호동,5029.0,562.0,11675,49.9,50.1,오세훈,1857.0
강동구,천호제2동,천호동,13116.0,562.0,17120,48.3,51.7,오세훈,1857.0
강동구,천호제3동,천호동,3844.0,562.0,12716,46.4,53.6,오세훈,1857.0
강북구,미아동,미아동,5622.0,456.0,10336,56.1,43.9,정원오,1508.0
강북구,번1동,번동,3791.0,437.0,7839,54.7,45.3,정원오,1446.0
강북구,번2동,번동,6197.0,437.0,6961,53.6,46.4,정원오,1446.0
강북구,번3동,번동,6737.0,437.0,7929,52.4,47.6,정원오,1446.0
강북구,삼각산동,미아동,4008.0,456.0,15024,54.8,45.2,정원오,1508.0
강북구,삼양동,미아동,6285.0,456.0,11358,54.9,45.1,정원오,1508.0
강북구,송중동,미아동,7143.0,456.0,12236,51.7,48.3,정원오,1508.0
강북구,송천동,미아동,6371.0,456.0,11229,54.1,45.9,정원오,1508.0
강북구,수유1동,수유동,6180.0,266.0,8935,56.7,43.3,정원오,879.0
강북구,수유2동,수유동,2191.0,266.0,9954,51.9,48.1,정원오,879.0
강북구,수유3동,수유동,2648.0,266.0,9303,51.8,48.2,정원오,879.0
강북구,우이동,수유동+우이동,9830.0,254.0,9331,54.6,45.4,정원오,840.0
강북구,인수동,수유동,10396.0,266.0,12583,54.5,45.5,정원오,879.0
강서구,가양제1동,마곡동+가양동,26938.0,825.0,15094,46.1,53.9,오세훈,2727.0
강서구,가양제2동,가양동,3680.0,644.0,7841,48.8,51.2,오세훈,2129.0
강서구,가양제3동,가양동,3078.0,644.0,7911,49.0,51.0,오세훈,2129.0
강서구,공항동,공항동,4110.0,413.0,12943,53.1,46.9,정원오,1365.0
강서구,등촌제1동,등촌동,6587.0,617.0,12184,50.5,49.5,정원오,2041.0
강서구,등촌제2동,등촌동,8834.0,617.0,9643,48.1,51.9,오세훈,2041.0
강서구,등촌제3동,등촌동,10356.0,617.0,15418,49.3,50.7,오세훈,2041.0
강서구,발산제1동,내발산동+외발산동,10240.0,656.0,17406,57.5,42.5,정원오,2168.0
강서구,방화제1동,방화동+마곡동,6234.0,646.0,20129,50.9,49.1,정원오,2134.0
강서구,방화제2동,방화동+개화동,5812.0,560.0,11330,49.6,50.4,오세훈,1852.0
강서구,방화제3동,방화동,10959.0,562.0,11487,49.5,50.5,오세훈,1856.0
강서구,염창동,염창동,13238.0,682.0,20842,51.3,48.7,정원오,2254.0
강서구,우장산동,화곡동+내발산동,12960.0,454.0,19571,48.3,51.7,오세훈,1500.0
강서구,화곡본동,화곡동,11480.0,327.0,13067,56.3,43.7,정원오,1080.0
강서구,화곡제1동,화곡동,13898.0,327.0,20060,53.7,46.3,정원오,1080.0
강서구,화곡제2동,화곡동,5347.0,327.0,7323,56.7,43.3,정원오,1080.0
강서구,화곡제3동,화곡동,6042.0,327.0,10686,47.6,52.4,오세훈,1080.0
강서구,화곡제4동,화곡동,9942.0,327.0,8878,56.3,43.7,정원오,1080.0
강서구,화곡제6동,화곡동,12067.0,327.0,12544,51.3,48.7,정원오,1080.0
강서구,화곡제8동,화곡동,6729.0,327.0,11500,59.1,40.9,정원오,1080.0
관악구,낙성대동,봉천동,13042.0,554.0,8230,49.3,50.7,오세훈,1832.0
관악구,난곡동,신림동,2774.0,446.0,11062,56.2,43.8,정원오,1475.0
관악구,난향동,신림동,2107.0,446.0,7327,55.8,44.2,정원오,1475.0
관악구,남현동,남현동+봉천동,6536.0,515.0,8827,49.4,50.6,오세훈,1703.0
관악구,대학동,신림동,22859.0,446.0,11168,50.7,49.3,정원오,1475.0
관악구,미성동,신림동,3625.0,446.0,13735,51.3,48.7,정원오,1475.0
관악구,보라매동,봉천동,4350.0,554.0,10935,53.1,46.9,정원오,1832.0
관악구,삼성동,신림동,7059.0,446.0,10737,54.3,45.7,정원오,1475.0
관악구,서림동,신림동,2048.0,446.0,9542,48.3,51.7,오세훈,1475.0
관악구,서원동,신림동,1714.0,446.0,9652,50.7,49.3,정원오,1475.0
관악구,성현동,봉천동,3939.0,554.0,15058,52.4,47.6,정원오,1832.0
관악구,신림동,신림동,1370.0,446.0,9190,50.4,49.6,정원오,1475.0
관악구,신사동,신림동,1657.0,446.0,10321,53.3,46.7,정원오,1475.0
관악구,신원동,신림동,1575.0,446.0,8088,52.0,48.0,정원오,1475.0
관악구,은천동,봉천동,4295.0,554.0,15606,54.6,45.4,정원오,1832.0
관악구,인헌동,봉천동,4066.0,554.0,13754,54.3,45.7,정원오,1832.0
관악구,조원동,신림동,1756.0,446.0,9416,52.0,48.0,정원오,1475.0
관악구,중앙동,봉천동,2222.0,554.0,7419,53.8,46.2,정원오,1832.0
관악구,청룡동,봉천동,6981.0,554.0,16743,50.4,49.6,정원오,1832.0
관악구,청림동,봉천동,1746.0,554.0,7940,52.0,48.0,정원오,1832.0
관악구,행운동,봉천동,4173.0,554.0,13630,51.4,48.6,정원오,1832.0
광진구,광장동,광장동,9854.0,1102.0,16461,43.3,56.7,오세훈,3644.0
광진구,구의제1동,구의동,3736.0,592.0,11644,50.6,49.4,정원오,1957.0
광진구,구의제2동,구의동,8800.0,592.0,12446,52.1,47.9,정원오,1957.0
광진구,구의제3동,구의동,6923.0,592.0,15323,44.0,56.0,오세훈,1957.0
광진구,군자동,군자동,3078.0,569.0,8787,51.2,48.8,정원오,1880.0
광진구,능동,능동,1818.0,613.0,5670,51.6,48.4,정원오,2026.0
광진구,자양제1동,자양동,2827.0,872.0,11412,51.3,48.7,정원오,2883.0
광진구,자양제2동,자양동,7912.0,872.0,12373,45.4,54.6,오세훈,2883.0
광진구,자양제3동,자양동,5722.0,872.0,14507,42.5,57.5,오세훈,2883.0
광진구,자양제4동,자양동,5785.0,872.0,10649,45.9,54.1,오세훈,2883.0
광진구,중곡제1동,중곡동,2269.0,442.0,7463,52.8,47.2,정원오,1461.0
광진구,중곡제2동,중곡동,2098.0,442.0,9943,53.4,46.6,정원오,1461.0
광진구,중곡제3동,중곡동,2306.0,442.0,7688,52.4,47.6,정원오,1461.0
광진구,중곡제4동,중곡동,8729.0,442.0,14193,52.9,47.1,정원오,1461.0
광진구,화양동,화양동,4079.0,646.0,9948,46.2,53.8,오세훈,2136.0
구로구,가리봉동,가리봉동,1571.0,359.0,3567,52.9,47.1,정원오,1187.0
구로구,개봉제1동,개봉동,10470.0,428.0,16354,51.1,48.9,정원오,1415.0
구로구,개봉제2동,개봉동,7331.0,428.0,16257,50.9,49.1,정원오,1415.0
구로구,개봉제3동,개봉동,7457.0,428.0,9117,52.8,47.2,정원오,1415.0
구로구,고척제1동,고척동,8143.0,488.0,13950,51.7,48.3,정원오,1613.0
구로구,고척제2동,고척동,7203.0,488.0,12287,52.0,48.0,정원오,1613.0
구로구,구로제1동,구로동,6629.0,508.0,10725,52.5,47.5,정원오,1678.0
구로구,구로제2동,구로동,10651.0,508.0,9619,53.2,46.8,정원오,1678.0
구로구,구로제3동,구로동,6631.0,508.0,11114,57.5,42.5,정원오,1678.0
구로구,구로제4동,구로동,3346.0,508.0,8105,54.1,45.9,정원오,1678.0
구로구,구로제5동,구로동,6333.0,508.0,14257,51.7,48.3,정원오,1678.0
구로구,수궁동,궁동+온수동,8683.0,359.0,11383,46.4,53.6,오세훈,1188.0
구로구,신도림동,신도림동,10116.0,797.0,19004,47.8,52.2,오세훈,2635.0
구로구,오류제1동,오류동,4007.0,408.0,11695,50.8,49.2,정원오,1349.0
구로구,오류제2동,오류동+천왕동,15431.0,462.0,17399,52.8,47.2,정원오,1526.0
구로구,항동,항동,5955.0,620.0,8184,59.1,40.9,정원오,2051.0
금천구,가산동,가산동,5394.0,516.0,11486,54.0,46.0,정원오,1705.0
금천구,독산제1동,독산동,12059.0,462.0,21468,51.2,48.8,정원오,1528.0
금천구,독산제2동,독산동,3783.0,462.0,7444,54.3,45.7,정원오,1528.0
금천구,독산제3동,독산동,5773.0,462.0,10817,55.1,44.9,정원오,1528.0
금천구,독산제4동,독산동,3912.0,462.0,6921,56.5,43.5,정원오,1528.0
금천구,시흥제1동,시흥동,6647.0,386.0,14273,52.0,48.0,정원오,1275.0
금천구,시흥제2동,시흥동,5351.0,386.0,10402,53.8,46.2,정원오,1275.0
금천구,시흥제3동,시흥동,6118.0,386.0,5428,53.4,46.6,정원오,1275.0
금천구,시흥제4동,시흥동,3548.0,386.0,9028,53.7,46.3,정원오,1275.0
금천구,시흥제5동,시흥동,6577.0,386.0,8582,53.4,46.6,정원오,1275.0
노원구,공릉1동,공릉동,3721.0,515.0,18115,53.5,46.5,정원오,1703.0
노원구,공릉2동,공릉동,21881.0,515.0,20255,51.7,48.3,정원오,1703.0
노원구,상계10동,상계동,3559.0,514.0,9485,48.6,51.4,오세훈,1700.0
노원구,상계1동,상계동,21626.0,514.0,18059,52.6,47.4,정원오,1700.0
노원구,상계2동,상계동,2576.0,514.0,9466,50.7,49.3,정원오,1700.0
노원구,상계3·4동,상계동,24722.0,514.0,12509,51.4,48.6,정원오,1700.0
노원구,상계5동,상계동,2161.0,514.0,11108,52.0,48.0,정원오,1700.0
노원구,상계6·7동,상계동,6200.0,514.0,15395,49.3,50.7,오세훈,1700.0
노원구,상계8동,상계동,2899.0,514.0,10880,52.7,47.3,정원오,1700.0
노원구,상계9동,상계동,3687.0,514.0,10191,50.3,49.7,정원오,1700.0
노원구,월계1동,월계동,8256.0,508.0,10806,50.5,49.5,정원오,1679.0
노원구,월계2동,월계동,13900.0,508.0,12233,51.6,48.4,정원오,1679.0
노원구,월계3동,월계동,7963.0,508.0,14070,47.4,52.6,오세훈,1679.0
노원구,중계1동,중계동,4297.0,572.0,11756,54.3,45.7,정원오,1890.0
노원구,중계2·3동,중계동,6336.0,572.0,16571,53.6,46.4,정원오,1890.0
노원구,중계4동,중계동,9891.0,572.0,9418,53.9,46.1,정원오,1890.0
노원구,중계본동,중계동,14311.0,572.0,10165,53.5,46.5,정원오,1890.0
노원구,하계1동,하계동,12216.0,578.0,12285,50.2,49.8,정원오,1910.0
노원구,하계2동,하계동,4162.0,578.0,10724,53.2,46.8,정원오,1910.0
도봉구,도봉1동,도봉동,13050.0,388.0,10608,52.0,48.0,정원오,1282.0
도봉구,도봉2동,도봉동,1745.0,388.0,12913,50.4,49.6,정원오,1282.0
도봉구,방학1동,방학동,5613.0,360.0,12590,50.1,49.9,정원오,1191.0
도봉구,방학2동,방학동,5942.0,360.0,8415,54.5,45.5,정원오,1191.0
도봉구,방학3동,방학동,9952.0,360.0,13645,52.9,47.1,정원오,1191.0
도봉구,쌍문1동,쌍문동,10147.0,362.0,9495,53.4,46.6,정원오,1197.0
도봉구,쌍문2동,쌍문동,4655.0,362.0,8592,53.6,46.4,정원오,1197.0
도봉구,쌍문3동,쌍문동,4387.0,362.0,7958,54.1,45.9,정원오,1197.0
도봉구,쌍문4동,쌍문동,5007.0,362.0,8934,50.4,49.6,정원오,1197.0
도봉구,창1동,창동,9804.0,549.0,11432,50.7,49.3,정원오,1815.0
도봉구,창2동,창동,6114.0,549.0,13578,54.1,45.9,정원오,1815.0
도봉구,창3동,창동,5647.0,549.0,5861,54.8,45.2,정원오,1815.0
도봉구,창4동,창동,9890.0,549.0,14323,48.8,51.2,오세훈,1815.0
도봉구,창5동,창동,6236.0,549.0,12588,47.8,52.2,오세훈,1815.0
동대문구,답십리제1동,답십리동,7011.0,677.0,13846,50.6,49.4,정원오,2238.0
동대문구,답십리제2동,답십리동,7441.0,677.0,14135,51.2,48.8,정원오,2238.0
동대문구,신설동,용두동+신설동,4060.0,819.0,7071,48.9,51.1,오세훈,2706.0
동대문구,용두동,용두동,4807.0,842.0,11544,50.0,50.0,오세훈,2784.0
동대문구,이문제1동,이문동,4407.0,581.0,14762,43.9,56.1,오세훈,1920.0
동대문구,이문제2동,이문동,3409.0,581.0,9938,51.9,48.1,정원오,1920.0
동대문구,장안제1동,장안동,11485.0,505.0,18930,54.0,46.0,정원오,1670.0
동대문구,장안제2동,장안동,8511.0,505.0,15876,52.8,47.2,정원오,1670.0
동대문구,전농제1동,전농동,5606.0,657.0,15667,48.5,51.5,오세훈,2171.0
동대문구,전농제2동,전농동+휘경동,5075.0,651.0,9582,51.5,48.5,정원오,2153.0
동대문구,제기동,제기동,5331.0,553.0,10998,47.9,52.1,오세훈,1830.0
동대문구,청량리동,청량리동,3445.0,568.0,9284,45.2,54.8,오세훈,1877.0
동대문구,회기동,회기동+청량리동,2408.0,547.0,5512,48.6,51.4,오세훈,1809.0
동대문구,휘경제1동,휘경동,3028.0,595.0,8075,46.4,53.6,오세훈,1968.0
동대문구,휘경제2동,휘경동,6674.0,595.0,10902,48.2,51.8,오세훈,1968.0
동작구,노량진제1동,노량진동+본동,6679.0,829.0,15459,41.1,58.9,오세훈,2741.0
동작구,노량진제2동,노량진동,2847.0,787.0,4304,49.6,50.4,오세훈,2603.0
동작구,대방동,대방동,10567.0,720.0,15575,48.2,51.8,오세훈,2381.0
동작구,사당제1동,사당동,4965.0,674.0,10342,48.7,51.3,오세훈,2227.0
동작구,사당제2동,사당동+동작동,6655.0,722.0,15090,43.7,56.3,오세훈,2388.0
동작구,사당제3동,사당동,7017.0,674.0,11566,43.2,56.8,오세훈,2227.0
동작구,사당제4동,사당동,3366.0,674.0,7187,51.7,48.3,정원오,2227.0
동작구,사당제5동,사당동,5178.0,674.0,7480,49.1,50.9,오세훈,2227.0
동작구,상도제1동,상도동+상도1동,12800.0,546.0,22402,45.1,54.9,오세훈,1806.0
동작구,상도제2동,상도동,7111.0,576.0,13285,45.6,54.4,오세훈,1904.0
동작구,상도제3동,상도동,5933.0,576.0,12677,53.2,46.8,정원오,1904.0
동작구,상도제4동,상도동,9026.0,576.0,13175,50.1,49.9,정원오,1904.0
동작구,신대방제1동,신대방동,4445.0,681.0,11437,48.5,51.5,오세훈,2252.0
동작구,신대방제2동,신대방동,6655.0,681.0,10714,48.4,51.6,오세훈,2252.0
동작구,흑석동,흑석동,7488.0,1205.0,15220,39.9,60.1,오세훈,3983.0
마포구,공덕동,아현동+신공덕동,10684.0,1168.0,16618,46.3,53.7,오세훈,3860.0
마포구,대흥동,대흥동+노고산동,5258.0,960.0,6616,45.8,54.2,오세훈,3174.0
마포구,도화동,도화동+마포동,5270.0,841.0,11306,43.6,56.4,오세훈,2781.0
마포구,망원1동,망원동+합정동,7307.0,541.0,9502,53.6,46.4,정원오,1787.0
마포구,망원2동,망원동+성산동,4326.0,544.0,9131,56.3,43.7,정원오,1798.0
마포구,상암동,상암동,9180.0,723.0,14529,57.2,42.8,정원오,2391.0
마포구,서강동,창전동+상수동,7869.0,923.0,12243,47.2,52.8,오세훈,3052.0
마포구,서교동,서교동+동교동,6992.0,531.0,9910,49.4,50.6,오세훈,1755.0
마포구,성산1동,성산동,5235.0,577.0,8322,56.2,43.8,정원오,1907.0
마포구,성산2동,성산동+중동,12510.0,591.0,18784,51.7,48.3,정원오,1954.0
마포구,신수동,신수동+현석동,5740.0,946.0,10892,46.0,54.0,오세훈,3126.0
마포구,아현동,아현동+공덕동,7333.0,1299.0,13811,42.1,57.9,오세훈,4293.0
마포구,연남동,연남동,4432.0,505.0,7203,52.4,47.6,정원오,1668.0
마포구,염리동,염리동+대흥동,5143.0,1170.0,8322,47.2,52.8,오세훈,3867.0
마포구,용강동,용강동+도화동,5688.0,1097.0,11124,45.1,54.9,오세훈,3626.0
마포구,합정동,합정동,5281.0,524.0,8058,52.3,47.7,정원오,1732.0
서대문구,남가좌제1동,남가좌동,4420.0,849.0,10445,53.2,46.8,정원오,2808.0
서대문구,남가좌제2동,남가좌동,8102.0,849.0,12912,50.1,49.9,정원오,2808.0
서대문구,북가좌제1동,북가좌동,5339.0,446.0,9971,52.8,47.2,정원오,1473.0
서대문구,북가좌제2동,북가좌동,8200.0,446.0,14329,54.6,45.4,정원오,1473.0
서대문구,북아현동,북아현동,2937.0,1082.0,8353,48.6,51.4,오세훈,3575.0
서대문구,신촌동,창천동+대현동,4393.0,546.0,8201,43.7,56.3,오세훈,1805.0
서대문구,연희동,연희동,8273.0,373.0,15248,47.4,52.6,오세훈,1234.0
서대문구,천연동,현저동+천연동,4321.0,788.0,9125,49.9,50.1,오세훈,2606.0
서대문구,충현동,북아현동+충정로3가,5985.0,914.0,8779,47.3,52.7,오세훈,3021.0
서대문구,홍은제1동,홍은동,6304.0,415.0,12559,54.1,45.9,정원오,1370.0
서대문구,홍은제2동,홍은동,8695.0,415.0,12060,51.9,48.1,정원오,1370.0
서대문구,홍제제1동,홍제동+현저동,6705.0,566.0,12002,49.5,50.5,오세훈,1871.0
서대문구,홍제제2동,홍제동,3523.0,557.0,7384,50.0,50.0,정원오,1841.0
서대문구,홍제제3동,홍제동,5289.0,557.0,8883,52.4,47.6,정원오,1841.0
서초구,내곡동,내곡동+신원동,4591.0,1164.0,8768,40.3,59.7,오세훈,3847.0
서초구,반포1동,반포동,4785.0,2613.0,14893,28.5,71.5,오세훈,8638.0
서초구,반포2동,반포동,5834.0,2613.0,13598,20.9,79.1,오세훈,8638.0
서초구,반포3동,잠원동+반포동,6989.0,2229.0,12226,24.0,76.0,오세훈,7370.0
서초구,반포4동,반포동,6842.0,2613.0,8539,27.6,72.4,오세훈,8638.0
서초구,반포본동,반포동,5042.0,2613.0,141,36.2,63.8,오세훈,8638.0
서초구,방배1동,방배동,2921.0,956.0,8525,35.9,64.1,오세훈,3161.0
서초구,방배2동,방배동,7966.0,956.0,9519,40.2,59.8,오세훈,3161.0
서초구,방배3동,방배동,10101.0,956.0,8133,30.9,69.1,오세훈,3161.0
서초구,방배4동,방배동,3938.0,956.0,12994,36.6,63.4,오세훈,3161.0
서초구,방배본동,방배동,2755.0,956.0,10415,32.4,67.6,오세훈,3161.0
서초구,서초1동,서초동,7060.0,1199.0,9952,33.7,66.3,오세훈,3964.0
서초구,서초2동,서초동,6379.0,1199.0,12111,29.5,70.5,오세훈,3964.0
서초구,서초3동,서초동,14871.0,1199.0,15703,33.9,66.1,오세훈,3964.0
서초구,서초4동,서초동,4411.0,1199.0,14351,22.5,77.5,오세훈,3964.0
서초구,양재1동,우면동+양재동,13789.0,965.0,19908,41.4,58.6,오세훈,3190.0
서초구,양재2동,양재동+원지동,6518.0,651.0,10826,47.6,52.4,오세훈,2153.0
서초구,잠원동,잠원동,8991.0,2191.0,17448,25.1,74.9,오세훈,7243.0
성동구,금호1가동,금호동1가,3532.0,845.0,7173,51.7,48.3,정원오,2794.0
성동구,금호2·3가동,금호동3가+금호동2가,6846.0,979.0,10646,51.4,48.6,정원오,3237.0
성동구,금호4가동,금호동4가,3835.0,1165.0,7710,49.9,50.1,오세훈,3850.0
성동구,마장동,마장동,5123.0,730.0,11443,55.3,44.7,정원오,2412.0
성동구,사근동,행당동+사근동,4679.0,896.0,5431,49.1,50.9,오세훈,2963.0
성동구,성수1가제1동,성수동1가,5304.0,1359.0,7268,43.2,56.8,오세훈,4491.0
성동구,성수1가제2동,성수동1가,2556.0,1359.0,8496,49.0,51.0,오세훈,4491.0
성동구,성수2가제1동,성수동2가,2729.0,1045.0,7090,47.4,52.6,오세훈,3455.0
성동구,성수2가제3동,성수동2가,2549.0,1045.0,5283,48.2,51.8,오세훈,3455.0
성동구,송정동,송정동,595.0,630.0,4532,56.3,43.7,정원오,2084.0
성동구,옥수동,옥수동,7951.0,1370.0,13317,41.3,58.7,오세훈,4528.0
성동구,왕십리도선동,하왕십리동+상왕십리동,5708.0,993.0,12958,50.8,49.2,정원오,3284.0
성동구,왕십리제2동,하왕십리동,4528.0,1033.0,8816,57.8,42.2,정원오,3415.0
성동구,용답동,용답동+송정동,2261.0,736.0,6411,56.3,43.7,정원오,2433.0
성동구,응봉동,응봉동,4733.0,888.0,7460,53.0,47.0,정원오,2937.0
성동구,행당제1동,행당동,4192.0,1016.0,8385,49.8,50.2,오세훈,3358.0
성동구,행당제2동,행당동,3437.0,1016.0,12044,52.5,47.5,정원오,3358.0
성북구,길음제1동,길음동+정릉동,10602.0,760.0,17101,52.6,47.4,정원오,2513.0
성북구,길음제2동,길음동+하월곡동,7277.0,737.0,10717,50.5,49.5,정원오,2437.0
성북구,돈암제1동,돈암동,4632.0,553.0,7270,50.4,49.6,정원오,1827.0
성북구,돈암제2동,돈암동+정릉동,5274.0,550.0,11172,50.2,49.8,정원오,1819.0
성북구,동선동,돈암동+동소문동7가,4405.0,525.0,6644,53.8,46.2,정원오,1737.0
성북구,보문동,보문동6가+보문동3가,3797.0,756.0,7041,50.9,49.1,정원오,2498.0
성북구,삼선동,삼선동2가+삼선동3가,4233.0,516.0,12106,55.5,44.5,정원오,1705.0
성북구,석관동,석관동,7568.0,535.0,15480,50.4,49.6,정원오,1769.0
성북구,성북동,성북동,1617.0,394.0,8003,53.2,46.8,정원오,1301.0
성북구,안암동,안암동3가+안암동1가,2887.0,497.0,7784,49.7,50.3,오세훈,1644.0
성북구,월곡제1동,하월곡동,4081.0,587.0,12433,56.1,43.9,정원오,1940.0
성북구,월곡제2동,하월곡동+상월곡동,6219.0,559.0,9200,52.7,47.3,정원오,1848.0
성북구,장위제1동,장위동,4676.0,514.0,10525,52.8,47.2,정원오,1698.0
성북구,장위제2동,장위동,4425.0,514.0,6910,46.8,53.2,오세훈,1698.0
성북구,장위제3동,장위동,4615.0,514.0,9322,47.4,52.6,오세훈,1698.0
성북구,정릉제1동,정릉동,1089.0,407.0,8839,52.9,47.1,정원오,1345.0
성북구,정릉제2동,정릉동,3196.0,407.0,10135,52.0,48.0,정원오,1345.0
성북구,정릉제3동,정릉동,8850.0,407.0,5791,47.2,52.8,오세훈,1345.0
성북구,정릉제4동,정릉동,10445.0,407.0,11723,52.8,47.2,정원오,1345.0
성북구,종암동,종암동+안암동5가,8993.0,573.0,18777,52.5,47.5,정원오,1893.0
송파구,가락1동,가락동,11021.0,1077.0,14080,34.5,65.5,오세훈,3560.0
송파구,가락2동,가락동,7681.0,1077.0,13812,45.6,54.4,오세훈,3560.0
송파구,가락본동,가락동,8136.0,1077.0,11724,42.4,57.6,오세훈,3560.0
송파구,거여1동,거여동,3347.0,858.0,5985,48.1,51.9,오세훈,2838.0
송파구,거여2동,거여동,3451.0,858.0,11969,46.6,53.4,오세훈,2838.0
송파구,마천1동,마천동,2934.0,633.0,7607,50.9,49.1,정원오,2093.0
송파구,마천2동,마천동,5442.0,633.0,9079,51.7,48.3,정원오,2093.0
송파구,문정1동,문정동,4530.0,883.0,9978,43.2,56.8,오세훈,2919.0
송파구,문정2동,문정동+장지동,13045.0,931.0,14453,32.3,67.7,오세훈,3079.0
송파구,방이1동,방이동,2405.0,731.0,7861,44.9,55.1,오세훈,2415.0
송파구,방이2동,방이동,3139.0,731.0,12207,46.3,53.7,오세훈,2415.0
송파구,삼전동,삼전동,11084.0,429.0,13540,50.4,49.6,정원오,1419.0
송파구,석촌동,석촌동,11678.0,477.0,14034,49.3,50.7,오세훈,1575.0
송파구,송파1동,송파동,8201.0,687.0,11621,46.4,53.6,오세훈,2272.0
송파구,송파2동,송파동,7104.0,687.0,10066,39.3,60.7,오세훈,2272.0
송파구,오금동,오금동,12683.0,741.0,18503,43.8,56.2,오세훈,2449.0
송파구,오륜동,방이동,12641.0,731.0,9438,27.2,72.8,오세훈,2415.0
송파구,위례동,거여동+장지동,14129.0,946.0,20083,49.2,50.8,오세훈,3128.0
송파구,잠실2동,잠실동+신천동,15789.0,1990.0,17046,33.9,66.1,오세훈,6580.0
송파구,잠실3동,잠실동+신천동,9563.0,2004.0,16922,26.6,73.4,오세훈,6624.0
송파구,잠실4동,신천동,2339.0,1787.0,16663,31.9,68.1,오세훈,5906.0
송파구,잠실6동,신천동,3906.0,1787.0,8892,29.3,70.7,오세훈,5906.0
송파구,잠실7동,잠실동,4563.0,2014.0,1590,43.6,56.4,오세훈,6658.0
송파구,잠실본동,잠실동,6938.0,2014.0,12685,45.1,54.9,오세훈,6658.0
송파구,장지동,장지동+문정동,6732.0,984.0,15905,48.2,51.8,오세훈,3254.0
송파구,풍납1동,풍납동+신천동,4057.0,861.0,5888,49.1,50.9,오세훈,2846.0
송파구,풍납2동,풍납동+신천동,7154.0,1046.0,11857,45.1,54.9,오세훈,3457.0
양천구,목1동,목동,11693.0,762.0,13696,39.0,61.0,오세훈,2518.0
양천구,목2동,목동,8592.0,762.0,14249,51.4,48.6,정원오,2518.0
양천구,목3동,목동,4028.0,762.0,10099,48.9,51.1,오세훈,2518.0
양천구,목4동,목동,4603.0,762.0,11857,52.2,47.8,정원오,2518.0
양천구,목5동,목동,14653.0,762.0,19865,36.0,64.0,오세훈,2518.0
양천구,신월1동,신월동,4733.0,348.0,8910,53.9,46.1,정원오,1150.0
양천구,신월2동,신월동,4618.0,348.0,9693,51.7,48.3,정원오,1150.0
양천구,신월3동,신월동,6942.0,348.0,5857,53.1,46.9,정원오,1150.0
양천구,신월4동,신월동,3450.0,348.0,8690,56.2,43.8,정원오,1150.0
양천구,신월5동,신월동,4820.0,348.0,6717,54.9,45.1,정원오,1150.0
양천구,신월6동,신월동+신정동,3599.0,368.0,7873,51.9,48.1,정원오,1217.0
양천구,신월7동,신월동,8874.0,348.0,9183,52.2,47.8,정원오,1150.0
양천구,신정1동,신정동,5860.0,658.0,9370,39.9,60.1,오세훈,2174.0
양천구,신정2동,신정동,4637.0,658.0,10092,52.6,47.4,정원오,2174.0
양천구,신정3동,신정동+신월동,21124.0,635.0,21605,50.3,49.7,정원오,2099.0
양천구,신정4동,신정동,7853.0,658.0,15150,52.5,47.5,정원오,2174.0
양천구,신정6동,신정동,7016.0,658.0,12525,37.9,62.1,오세훈,2174.0
양천구,신정7동,신정동,8835.0,658.0,13974,44.5,55.5,오세훈,2174.0
영등포구,당산제1동,당산동3가+당산동2가,5465.0,800.0,10542,46.5,53.5,오세훈,2644.0
영등포구,당산제2동,당산동5가+당산동4가,10642.0,890.0,18164,42.3,57.7,오세훈,2943.0
영등포구,대림제1동,대림동,2973.0,557.0,6802,52.3,47.7,정원오,1841.0
영등포구,대림제2동,대림동,3624.0,557.0,5812,54.5,45.5,정원오,1841.0
영등포구,대림제3동,대림동,5493.0,557.0,10354,50.2,49.8,정원오,1841.0
영등포구,도림동,도림동,2602.0,586.0,8703,52.7,47.3,정원오,1938.0
영등포구,문래동,문래동3가+문래동6가,8022.0,756.0,15899,50.7,49.3,정원오,2499.0
영등포구,신길제1동,신길동,5455.0,784.0,8776,48.8,51.2,오세훈,2591.0
영등포구,신길제3동,신길동,3336.0,784.0,7956,46.9,53.1,오세훈,2591.0
영등포구,신길제4동,신길동,2028.0,784.0,5863,48.2,51.8,오세훈,2591.0
영등포구,신길제5동,신길동,3637.0,784.0,4810,49.6,50.4,오세훈,2591.0
영등포구,신길제6동,신길동,4756.0,784.0,9282,47.3,52.7,오세훈,2591.0
영등포구,신길제7동,신길동,3837.0,784.0,9201,42.9,57.1,오세훈,2591.0
영등포구,양평제1동,양평동3가+양평동1가,4403.0,770.0,9767,50.2,49.8,정원오,2545.0
영등포구,양평제2동,양평동4가+양평동5가,4891.0,730.0,11661,49.2,50.8,오세훈,2415.0
영등포구,여의동,여의도동,10128.0,1424.0,17624,26.5,73.5,오세훈,4708.0
영등포구,영등포동,영등포동7가+영등포동1가,7746.0,776.0,13471,43.8,56.2,오세훈,2566.0
영등포구,영등포본동,영등포동+신길동,5434.0,830.0,10503,49.2,50.8,오세훈,2744.0
용산구,남영동,갈월동+동자동,885.0,839.0,2919,46.9,53.1,오세훈,2772.0
용산구,보광동,보광동+주성동,1526.0,1778.0,2875,42.5,57.5,오세훈,5877.0
용산구,서빙고동,서빙고동+동빙고동,2611.0,1580.0,5525,29.0,71.0,오세훈,5224.0
용산구,용문동,용문동+도원동,2953.0,944.0,6222,47.1,52.9,오세훈,3120.0
용산구,용산2가동,용산동2가,1820.0,499.0,4111,50.4,49.6,정원오,1650.0
용산구,원효로제1동,원효로1가+문배동,5102.0,1008.0,8712,42.2,57.8,오세훈,3334.0
용산구,원효로제2동,원효로4가+산천동,4277.0,1065.0,6848,43.2,56.8,오세훈,3520.0
용산구,이촌제1동,이촌동,8737.0,1574.0,13221,26.2,73.8,오세훈,5203.0
용산구,이촌제2동,이촌동,3521.0,1574.0,4469,35.3,64.7,오세훈,5203.0
용산구,이태원제1동,이태원동,1263.0,846.0,2545,33.3,66.7,오세훈,2798.0
용산구,이태원제2동,이태원동,2103.0,846.0,3925,43.0,57.0,오세훈,2798.0
용산구,청파동,청파동1가+서계동,4129.0,700.0,8581,50.3,49.7,정원오,2314.0
용산구,한강로동,한강로3가+한강로2가,6461.0,1280.0,10267,30.5,69.5,오세훈,4233.0
용산구,한남동,한남동,6062.0,1197.0,5716,28.1,71.9,오세훈,3956.0
용산구,효창동,효창동,3361.0,920.0,5690,46.5,53.5,오세훈,3041.0
용산구,후암동,후암동,3889.0,642.0,7512,50.1,49.9,정원오,2122.0
은평구,갈현제1동,갈현동,6074.0,341.0,6502,53.7,46.3,정원오,1126.0
은평구,갈현제2동,갈현동,6698.0,341.0,12675,56.6,43.4,정원오,1126.0
은평구,구산동,구산동,9881.0,327.0,13810,56.7,43.3,정원오,1081.0
은평구,녹번동,녹번동,11078.0,473.0,16521,52.4,47.6,정원오,1565.0
은평구,대조동,대조동,8233.0,432.0,12326,52.9,47.1,정원오,1430.0
은평구,불광제1동,불광동,13971.0,456.0,16609,50.3,49.7,정원오,1506.0
은평구,불광제2동,불광동,5923.0,456.0,12369,53.4,46.6,정원오,1506.0
은평구,수색동,수색동,3699.0,680.0,11296,51.6,48.4,정원오,2250.0
은평구,신사제1동,신사동,6151.0,366.0,12799,57.5,42.5,정원오,1211.0
은평구,신사제2동,신사동,7771.0,366.0,8582,53.2,46.8,정원오,1211.0
은평구,역촌동,역촌동,12537.0,295.0,20763,57.8,42.2,정원오,974.0
은평구,응암제1동,응암동,10279.0,525.0,14907,54.7,45.3,정원오,1736.0
은평구,응암제2동,응암동,6643.0,525.0,12104,54.2,45.8,정원오,1736.0
은평구,응암제3동,응암동,6515.0,525.0,11138,57.1,42.9,정원오,1736.0
은평구,증산동,증산동,5378.0,573.0,7956,53.3,46.7,정원오,1893.0
은평구,진관동,진관동,16584.0,593.0,27396,54.7,45.3,정원오,1961.0
종로구,가회동,원서동+가회동,823.0,365.0,1888,54.6,45.4,정원오,1205.0
종로구,교남동,행촌동+홍파동,3486.0,1086.0,5234,46.8,53.2,오세훈,3590.0
종로구,무악동,무악동+누상동,2418.0,828.0,4310,49.2,50.8,오세훈,2738.0
종로구,부암동,신영동+부암동,1868.0,342.0,4397,51.7,48.3,정원오,1129.0
종로구,사직동,사직동+내수동,1839.0,862.0,4274,40.9,59.1,오세훈,2850.0
종로구,삼청동,삼청동,32.0,363.0,1042,45.8,54.2,오세훈,1201.0
종로구,숭인제1동,숭인동,1638.0,458.0,2796,53.6,46.4,정원오,1514.0
종로구,숭인제2동,숭인동,2221.0,458.0,4802,54.3,45.7,정원오,1514.0
종로구,이화동,동숭동+연건동,1710.0,298.0,3572,53.6,46.4,정원오,985.0
종로구,종로1·2·3·4가동,,,,2814,44.4,55.6,오세훈,
종로구,종로5·6가동,충신동+효제동,714.0,804.0,2381,47.0,53.0,오세훈,2656.0
종로구,창신제1동,창신동+숭인동,1838.0,515.0,2829,57.4,42.6,정원오,1701.0
종로구,창신제2동,창신동,1397.0,521.0,3682,56.4,43.6,정원오,1722.0
종로구,창신제3동,창신동,1264.0,521.0,3284,52.1,47.9,정원오,1722.0
종로구,청운효자동,누상동+청운동,1421.0,441.0,5907,54.9,45.1,정원오,1458.0
종로구,평창동,평창동+구기동,3807.0,406.0,8458,43.8,56.2,오세훈,1341.0
종로구,혜화동,명륜1가+명륜2가,3489.0,481.0,8246,51.4,48.6,정원오,1589.0
중구,광희동,인현동2가+충무로4가,1991.0,757.0,2495,38.6,61.4,오세훈,2503.0
중구,다산동,신당동,3751.0,736.0,6051,49.7,50.3,오세훈,2434.0
중구,동화동,신당동,2434.0,736.0,5429,48.8,51.2,오세훈,2434.0
중구,명동,남산동2가,28.0,525.0,979,43.8,56.2,오세훈,1735.0
중구,소공동,순화동+정동,672.0,1080.0,1128,44.0,56.0,오세훈,3571.0
중구,신당동,신당동+흥인동,3627.0,701.0,3466,48.9,51.1,오세훈,2319.0
중구,신당제5동,신당동,2209.0,736.0,5136,52.8,47.2,정원오,2434.0
중구,약수동,신당동,3369.0,736.0,8688,45.8,54.2,오세훈,2434.0
중구,을지로동,입정동+산림동,1212.0,1002.0,1651,42.1,57.9,오세훈,3312.0
중구,장충동,장충동2가+장충동1가,1454.0,375.0,2207,46.6,53.4,오세훈,1240.0
중구,중림동,중림동+만리동2가,3337.0,1030.0,6285,47.0,53.0,오세훈,3407.0
중구,청구동,신당동,2356.0,736.0,5985,45.1,54.9,오세훈,2434.0
중구,필동,장충동2가+필동3가,903.0,426.0,2266,44.3,55.7,오세훈,1408.0
중구,황학동,황학동,2735.0,733.0,6506,49.2,50.8,오세훈,2424.0
중구,회현동,회현동1가+남대문로5가,1137.0,817.0,2007,39.7,60.3,오세훈,2699.0
중랑구,망우본동,망우동,8753.0,496.0,17593,51.4,48.6,정원오,1638.0
중랑구,망우제3동,망우동,2926.0,496.0,7602,54.8,45.2,정원오,1638.0
중랑구,면목본동,면목동,4200.0,479.0,14808,54.4,45.6,정원오,1583.0
중랑구,면목제2동,면목동,3755.0,479.0,10191,54.0,46.0,정원오,1583.0
중랑구,면목제3·8동,면목동,7112.0,479.0,10562,51.5,48.5,정원오,1583.0
중랑구,면목제4동,면목동,4248.0,479.0,7761,53.7,46.3,정원오,1583.0
중랑구,면목제5동,면목동,2996.0,479.0,6985,55.5,44.5,정원오,1583.0
중랑구,면목제7동,면목동,5925.0,479.0,10789,54.2,45.8,정원오,1583.0
중랑구,묵제1동,묵동,9132.0,502.0,15704,50.9,49.1,정원오,1658.0
중랑구,묵제2동,묵동+중화동,5047.0,500.0,9434,54.1,45.9,정원오,1654.0
중랑구,상봉제1동,상봉동,7287.0,524.0,10007,49.8,50.2,오세훈,1732.0
중랑구,상봉제2동,상봉동,5780.0,524.0,9892,53.8,46.2,정원오,1732.0
중랑구,신내제1동,신내동,14422.0,512.0,17824,52.2,47.8,정원오,1692.0
중랑구,신내제2동,신내동,5376.0,512.0,11821,53.3,46.7,정원오,1692.0
중랑구,중화제1동,중화동+상봉동,3887.0,479.0,8452,52.1,47.9,정원오,1583.0
중랑구,중화제2동,중화동,5279.0,473.0,12167,52.6,47.4,정원오,1564.0
